"OTU_97.10059","OTU_97.1060","OTU_97.10670","OTU_97.108","OTU_97.10895","OTU_97.12778","OTU_97.129","OTU_97.138","OTU_97.1410","OTU_97.15266","OTU_97.154","OTU_97.1563","OTU_97.15750","OTU_97.15900","OTU_97.164","OTU_97.16504","OTU_97.16701","OTU_97.16907","OTU_97.17467","OTU_97.17625","OTU_97.17895","OTU_97.18176","OTU_97.18729","OTU_97.18807","OTU_97.18891","OTU_97.192","OTU_97.19587","OTU_97.19677","OTU_97.197","OTU_97.2032","OTU_97.2041","OTU_97.21196","OTU_97.215","OTU_97.228","OTU_97.2283","OTU_97.22834","OTU_97.233","OTU_97.240","OTU_97.24109","OTU_97.24387","OTU_97.251","OTU_97.25842","OTU_97.26076","OTU_97.27044","OTU_97.27164","OTU_97.27432","OTU_97.28141","OTU_97.2854","OTU_97.286","OTU_97.28652","OTU_97.28675","OTU_97.29789","OTU_97.30290","OTU_97.30314","OTU_97.30614","OTU_97.30909","OTU_97.30987","OTU_97.31213","OTU_97.314","OTU_97.32052","OTU_97.32265","OTU_97.32321","OTU_97.326","OTU_97.33325","OTU_97.33358","OTU_97.33394","OTU_97.33619","OTU_97.338","OTU_97.340","OTU_97.34936","OTU_97.35245","OTU_97.35536","OTU_97.35619","OTU_97.3588","OTU_97.359","OTU_97.36152","OTU_97.364","OTU_97.365","OTU_97.37185","OTU_97.37238","OTU_97.37326","OTU_97.37537","OTU_97.37553","OTU_97.37642","OTU_97.37750","OTU_97.37989","OTU_97.38081","OTU_97.38240","OTU_97.38251","OTU_97.38609","OTU_97.38690","OTU_97.38727","OTU_97.38732","OTU_97.38741","OTU_97.38768","OTU_97.38876","OTU_97.389","OTU_97.38950","OTU_97.39084","OTU_97.39216","OTU_97.39258","OTU_97.39263","OTU_97.39302","OTU_97.39308","OTU_97.39352","OTU_97.39413","OTU_97.39509","OTU_97.39526","OTU_97.39667","OTU_97.39775","OTU_97.39795","OTU_97.39805","OTU_97.39865","OTU_97.39937","OTU_97.39957","OTU_97.39958","OTU_97.39970","OTU_97.39978","OTU_97.40011","OTU_97.40062","OTU_97.40097","OTU_97.40142","OTU_97.40196","OTU_97.40244","OTU_97.40251","OTU_97.40253","OTU_97.40301","OTU_97.40331","OTU_97.40341","OTU_97.40359","OTU_97.40415","OTU_97.40451","OTU_97.40494","OTU_97.40512","OTU_97.40520","OTU_97.40528","OTU_97.40538","OTU_97.40551","OTU_97.40560","OTU_97.40608","OTU_97.40621","OTU_97.40624","OTU_97.40629","OTU_97.40642","OTU_97.40647","OTU_97.40658","OTU_97.40665","OTU_97.40676","OTU_97.40681","OTU_97.40723","OTU_97.423","OTU_97.42413","OTU_97.42529","OTU_97.42951","OTU_97.43","OTU_97.43133","OTU_97.43187","OTU_97.43188","OTU_97.43235","OTU_97.43272","OTU_97.43343","OTU_97.437","OTU_97.43878","OTU_97.44004","OTU_97.44317","OTU_97.44483","OTU_97.44836","OTU_97.461","OTU_97.4615","OTU_97.4632","OTU_97.468","OTU_97.503","OTU_97.51","OTU_97.5427","OTU_97.600","OTU_97.64","OTU_97.6686","OTU_97.68","OTU_97.7297","OTU_97.77","OTU_97.822","OTU_97.8268","OTU_97.8785","OTU_97.9722","OTU_97.9764"
1,0,0,0,1,0,0,1,15,0,0,0,0,1,0,6,1,25,16,8,2,2,0,0,0,5,0,0,3,0,0,0,1,3,12,20,0,0,3,19,0,0,7,0,15,0,14,2,0,0,0,32,1,9,25,0,0,0,0,5,1,60,0,3,13,33,6,0,0,0,2,0,10,2,0,0,4,12,4,2,0,2,43,0,0,1,9,4,14,4,0,1,1,1,0,16,14,3,0,1,59,0,2,2,0,14,5,22,7,3,24,1,1,25,0,2,2,2,0,0,3,11,4,4,4,4,12,2,22,28,0,92,1,52,10,8,10,1,15,12,116,3,17,0,6,11,27,31,27,0,2,0,0,0,7,26,1,4,16,4,53,1,59,0,0,6,0,0,8,11,0,2,10,1,1,0,1,6,11,0,1,7,0,0,16
10,0,0,0,4,0,0,0,3,0,0,0,0,6,0,0,0,23,0,0,0,0,0,0,0,0,0,0,0,1,0,0,4,0,40,3,0,3,0,0,10,0,4,0,3,0,0,3,0,1,0,0,2,6,0,0,0,0,0,0,0,0,0,0,0,55,2,2,1,3,0,0,17,0,0,13,0,0,4,0,2,1,0,0,53,10,0,0,2,12,39,17,10,74,0,0,1,7,0,25,33,0,60,23,4,120,0,0,0,2,72,18,28,9,2,4,5,1,0,0,166,0,20,45,2,1,0,13,40,289,13,1550,63,0,183,68,0,140,233,0,0,14,9,1,48,46,0,10,0,5,0,0,0,0,0,0,29,56,0,0,237,1,0,4,0,0,0,0,0,0,0,0,0,1,0,0,0,1,1,0,0,0,1,1,3
4,2,8,81,2,0,0,20,6,64,3,0,3,1,31,8,0,4,2,2,1,7,0,2,17,77,8,1,4,2,41,3,3,0,2,1,0,0,6,7,4,2,1,2,4,4,13,0,1,13,2,28,2,8,28,16,2,14,30,1,1,9,0,1,10,9,0,1,8,0,2,0,3,21,1,5,5,2,2,25,12,3,12,4,8,3,1,3,6,2,4,0,0,11,3,74,0,3,3,2,12,0,2,1,1,7,13,39,0,1,12,1,0,10,19,1,23,5,3,3,0,15,3,4,9,2,54,2,1,40,1,34,20,4,6,0,6,83,49,12,22,7,0,0,3,3,3,11,61,1,2,3,3,3,3,8,9,12,4,8,34,0,3,0,1,3,11,1,7,16,3,0,3,1,1,5,7,1,1,5,2,5,2,4,5
0,0,1,0,2,27,0,0,0,0,0,3,1,0,0,0,17,0,0,1,0,0,0,1,0,1,0,0,0,0,0,1,0,0,0,4,0,2,0,0,1,0,0,0,0,0,0,0,14,0,0,0,0,1,0,0,0,0,0,0,4,0,0,0,0,1,0,0,14,1,0,0,0,0,0,0,1,1,0,1,0,0,0,0,0,0,0,0,1,0,0,0,0,0,0,0,0,0,0,0,0,0,0,0,0,0,0,0,0,0,0,1,1,0,0,0,0,0,0,0,0,0,1,1,6,0,0,2,0,0,0,0,0,0,0,0,1,0,1,0,0,1,0,3,0,0,0,0,0,0,0,2,2,3,0,0,0,1,0,0,2,5,0,0,0,5,0,0,0,0,0,1,13,0,0,0,0,1,0,1,0,0,1,5,20
8,1,1,0,6,1,0,0,1,0,7,36,11,2,0,7,17,2,1,3,4,5,0,8,0,0,0,10,20,7,0,21,28,0,12,2,0,6,0,7,102,14,3,0,0,0,16,4,6,11,0,35,10,55,37,0,2,0,0,5,17,31,5,7,9,0,0,46,6,0,3,0,0,0,14,21,2,0,0,1,32,4,13,0,19,2,12,10,0,0,21,5,8,18,0,1,3,4,0,2,0,1,0,0,0,3,101,1,2,4,41,3,2,0,59,1,39,14,0,10,0,2,7,2,23,0,3,12,0,3,7,3,36,3,1,0,14,271,99,0,0,3,1,0,0,0,7,3,1,0,18,63,5,2,3,42,12,24,1,1,59,1,5,0,0,15,43,17,8,8,4,0,55,6,4,0,0,2,6,0,22,4,10,12,7
2,1,0,0,0,0,1,5,1,0,7,0,0,2,4,7,3,0,2,2,4,9,8,1,0,11,5,3,9,3,0,3,1,1,4,9,0,0,2,25,4,6,6,21,0,0,15,0,0,1,11,4,9,1,0,37,0,0,5,4,1,0,5,3,11,0,1,0,3,1,2,6,0,15,2,0,4,4,0,1,1,0,0,7,1,0,0,0,0,2,5,1,8,7,6,3,0,14,0,0,2,1,0,7,0,3,0,0,2,1,42,15,9,0,1,8,7,2,7,2,7,0,7,1,17,2,0,31,4,2,2,3,9,1,1,1,2,15,114,1,2,3,1,4,6,8,4,1,30,3,0,1,0,0,1,2,5,49,0,0,91,0,1,0,7,1,3,0,0,6,3,1,10,0,1,3,4,1,1,0,2,6,2,3,12
0,1,1,0,0,0,1,2,0,0,13,0,0,0,0,1,0,0,0,2,0,0,0,0,2,5,4,0,0,1,0,0,0,1,0,1,0,0,0,0,1,0,0,0,0,3,0,0,0,0,0,1,0,0,0,0,0,0,7,0,0,0,0,0,0,0,0,0,5,0,1,3,0,2,0,0,0,0,0,1,0,2,0,0,0,0,0,0,0,2,0,2,0,0,0,0,0,0,2,1,0,1,1,0,0,2,2,0,0,3,2,2,0,0,0,2,5,1,0,0,0,0,1,2,0,0,0,0,0,0,3,1,0,0,0,1,0,0,2,0,0,0,0,1,1,0,2,0,1,0,0,0,1,0,0,0,2,0,0,0,2,1,0,0,0,0,0,0,0,1,0,0,1,1,0,4,1,0,1,0,0,0,0,1,1
3,0,2,7,1,4,0,1,2,7,6,9,2,0,15,1,2,0,0,0,0,0,4,0,0,10,21,1,6,0,4,0,11,0,0,62,23,16,1,1,2,0,0,12,0,8,0,4,0,2,7,4,0,0,2,20,0,12,4,0,4,2,5,3,0,0,0,3,23,1,0,6,0,13,1,0,2,2,0,2,0,3,1,13,0,1,0,1,0,2,0,0,0,1,1,2,0,0,2,2,0,3,1,2,38,6,0,0,1,3,15,2,1,0,1,0,3,1,3,0,2,0,3,4,3,0,3,0,0,18,0,31,3,0,4,0,0,8,23,2,4,1,0,0,3,0,0,7,11,0,1,15,1,0,0,2,4,2,0,0,30,1,1,11,0,7,3,1,0,0,0,5,13,0,3,5,0,0,0,10,1,0,3,6,17
1,0,0,0,0,1,0,1,2,3,1,3,0,2,0,0,1,0,0,0,14,0,8,1,15,2,3,16,3,0,0,3,0,0,6,1,0,2,2,9,0,5,6,69,0,1,3,0,0,0,12,5,0,1,0,40,2,0,0,0,1,0,1,4,5,1,2,0,0,0,5,15,4,5,0,0,1,0,1,1,5,1,1,3,4,4,1,2,1,0,0,5,2,1,4,0,0,1,5,0,0,2,0,2,0,8,0,4,1,0,27,7,10,0,0,9,5,0,4,0,1,3,2,2,19,3,0,57,0,1,6,13,1,0,10,2,3,1,170,0,0,11,1,0,9,0,23,2,8,5,4,3,5,0,0,12,0,16,0,2,282,1,0,0,2,2,6,1,0,4,0,1,3,1,2,5,11,1,1,6,0,1,0,0,3
1,5,19,42,21,4,17,18,20,20,73,4,10,0,111,14,78,10,11,3,1,10,0,1,14,38,0,3,54,7,6,14,10,5,20,15,5,21,3,41,2,15,2,0,1,0,14,2,0,120,0,10,31,117,55,18,5,13,17,2,62,0,4,3,18,2,6,2,38,3,0,0,25,41,2,1,11,2,0,2,1,9,61,0,1,1,7,61,4,4,0,0,4,5,161,34,1,18,0,4,0,1,2,0,103,11,5,0,0,5,54,4,22,0,1,1,4,6,0,0,42,0,7,20,59,0,3,4,0,13,3,102,30,21,24,9,10,18,202,5,23,1,2,1,50,0,12,5,98,9,3,7,3,15,5,38,11,12,8,0,257,2,2,22,17,19,91,0,2,16,1,0,102,5,1,0,4,27,14,6,1,7,19,11,26
2,0,2,30,1,2,2,8,5,21,4,3,3,1,4,1,20,2,7,0,0,2,5,0,7,39,36,1,21,2,2,4,7,3,3,7,3,51,0,4,18,2,3,33,0,26,0,0,4,16,20,1,13,58,2,54,0,25,0,0,11,4,2,0,1,0,2,0,7,1,1,7,3,35,0,1,1,3,2,0,3,2,4,2,1,3,2,2,3,2,1,1,5,3,30,2,0,13,11,3,5,1,3,2,54,12,1,2,0,3,29,3,16,11,0,4,11,4,0,1,42,0,10,9,29,1,0,2,5,36,1,229,31,1,22,17,0,24,148,7,16,0,0,0,27,1,0,26,9,10,1,1,0,1,1,1,5,7,11,0,182,0,3,28,2,6,15,0,0,0,2,0,43,3,0,7,4,10,3,27,0,1,4,3,21
2,0,0,0,0,0,0,1,8,0,0,0,0,3,0,0,0,2,0,0,1,0,2,0,4,0,1,0,0,0,0,0,0,4,3,0,0,0,1,0,0,0,6,5,2,13,1,1,0,0,3,1,0,0,0,0,0,0,0,0,0,5,0,0,0,7,0,1,0,0,1,2,5,0,3,0,0,0,0,0,0,0,1,1,0,1,18,12,0,0,0,1,0,0,0,0,0,2,38,3,20,2,0,1,0,3,0,44,1,0,12,4,5,22,0,0,0,1,1,0,3,10,0,0,0,17,1,19,6,0,1,2,0,3,1,0,18,0,53,3,4,0,2,1,4,8,0,1,25,3,0,0,0,1,1,31,0,6,1,0,48,0,6,0,3,0,1,0,0,3,0,1,0,0,0,3,2,0,2,0,0,1,0,0,0
1,1,0,19,0,0,0,0,6,25,0,0,1,0,0,0,0,1,2,2,7,0,3,0,0,0,25,0,3,1,4,0,1,0,4,2,4,0,9,4,1,0,1,9,3,0,18,0,0,1,3,21,0,10,6,15,0,35,0,8,2,1,0,0,10,27,4,0,1,6,1,3,9,0,4,1,1,10,4,8,5,0,3,1,2,0,0,0,1,7,1,2,1,1,0,7,0,1,0,0,232,13,0,0,84,2,1,156,6,1,16,2,3,44,2,1,6,5,3,3,5,9,4,1,2,2,25,4,84,6,18,32,7,6,13,3,1,18,16,4,3,2,4,5,2,100,53,0,28,3,1,0,0,0,2,0,19,10,0,2,10,3,0,3,0,0,1,0,4,1,1,0,3,1,1,4,0,2,2,4,0,1,1,1,1
0,3,11,23,7,1,88,31,0,19,34,6,4,1,77,31,79,2,6,3,0,2,11,4,15,14,44,1,86,15,3,28,10,6,3,5,69,25,1,7,1,33,1,46,1,0,17,3,5,60,22,23,45,179,21,15,9,17,19,1,54,2,5,1,74,1,1,5,62,0,0,10,0,119,37,1,7,11,0,4,1,6,13,1,1,2,2,1,3,2,0,0,0,3,19,33,0,5,1,1,24,0,3,0,0,1,1,1,0,0,14,0,4,21,0,0,0,1,1,0,6,0,1,6,90,10,0,2,3,47,1,178,13,23,10,9,0,5,20,7,44,0,1,2,4,3,15,0,10,0,21,14,3,11,5,4,3,1,3,0,33,3,3,1,7,17,226,4,0,10,6,0,78,11,5,12,7,32,4,9,8,1,30,10,12
13,1,5,50,3,1,2,26,5,37,5,19,2,1,91,3,10,13,22,3,3,5,0,0,18,0,0,61,2,32,17,1,0,0,3,1,7,9,0,1,27,2,2,0,4,76,6,0,0,4,0,17,34,183,10,35,2,24,0,1,2,19,0,0,3,7,2,1,15,3,8,0,1,15,0,0,2,2,7,3,1,3,6,0,3,4,1,1,5,26,0,3,0,2,5,12,7,2,10,6,16,4,3,5,43,19,5,16,2,2,40,4,4,13,1,1,4,2,0,2,4,10,9,13,90,5,9,1,4,183,1,251,7,5,22,6,1,4,66,2,5,0,3,0,9,8,1,12,11,1,1,26,3,2,14,3,3,4,7,30,114,1,7,19,0,7,7,0,6,8,0,1,28,89,0,0,0,138,2,16,0,7,5,4,3
10,12,25,360,10,10,227,220,4,169,50,4,2,0,57,34,142,2,19,4,3,18,0,0,446,66,0,0,0,5,66,7,0,0,14,18,121,21,13,95,12,16,5,0,0,58,20,0,6,53,0,16,12,27,155,0,3,0,32,7,30,2,11,0,61,4,16,18,139,11,2,0,6,462,21,1,2,73,12,17,2,20,61,0,5,3,0,1,12,5,5,4,10,15,3,182,14,33,26,6,7,11,1,3,85,16,5,1,2,9,42,4,35,23,8,12,15,20,0,0,50,0,27,28,11,8,3,5,2,95,15,311,70,20,37,21,2,90,175,18,71,1,5,5,27,0,20,6,56,10,4,23,1,9,17,71,28,25,8,0,301,1,0,34,3,17,91,7,2,36,1,0,255,5,0,0,77,6,3,1,2,24,25,58,109
0,9,17,412,5,1,0,0,0,185,5,4,7,0,9,0,59,0,0,0,0,0,7,0,0,0,32,0,0,2,89,1,10,41,0,77,10,60,11,0,69,0,0,25,0,10,0,1,8,39,5,0,2,11,0,0,3,0,0,0,17,28,0,3,0,0,0,37,11,0,0,1,0,0,12,0,14,21,0,107,0,17,135,2,0,0,1,1,0,0,0,0,0,0,0,344,5,0,255,0,10,0,0,0,0,0,2,0,0,0,0,0,0,8,0,0,0,0,2,0,0,0,0,0,1,4,13,0,4,0,0,0,0,10,0,0,2,0,0,81,794,0,0,0,0,0,0,0,146,0,7,0,1,2,0,155,0,0,0,0,0,14,66,0,53,21,4,5,0,0,6,4,56,5,0,4,0,5,0,0,0,0,2,13,65
0,8,20,1,6,2,3,1,2,2,0,0,2,2,1,5,0,1,6,8,15,0,8,1,2,51,65,0,7,1,2,1,4,3,7,9,0,4,0,11,0,4,0,29,0,0,37,2,3,15,2,37,1,32,7,18,12,34,2,25,0,1,0,2,31,0,0,3,5,5,2,4,2,15,1,0,2,2,20,1,1,7,2,6,0,5,2,0,2,20,0,1,2,0,1,0,0,0,0,2,0,5,3,0,1,16,13,0,5,0,40,5,10,0,0,3,2,2,7,5,3,0,6,1,8,0,0,5,0,43,8,120,3,22,17,14,0,2,43,0,1,3,3,11,15,0,62,1,1,6,4,0,0,17,1,22,3,11,1,0,42,2,1,1,2,0,31,1,2,1,2,0,4,2,5,4,3,2,10,3,2,3,4,0,1
0,0,0,12,0,6,39,0,7,11,6,1,0,0,69,1,13,2,2,1,6,0,1,0,0,0,12,2,1,11,9,0,16,8,3,11,1,4,1,0,0,4,0,5,4,0,20,7,5,8,1,17,21,283,13,0,3,0,0,4,11,2,7,2,9,7,0,4,1,5,1,2,2,0,10,8,23,35,7,0,11,0,2,0,2,2,5,24,1,9,3,4,3,4,7,0,2,8,0,2,29,10,2,0,0,11,0,40,0,1,36,0,3,19,5,2,18,4,0,4,3,9,9,3,51,11,3,10,20,15,23,33,19,2,5,5,8,34,28,1,1,3,0,5,4,18,33,3,34,1,18,0,1,12,0,0,32,18,2,21,12,24,1,0,5,2,14,27,2,3,14,4,59,31,0,2,0,26,2,0,1,0,6,3,20
0,0,0,4,0,0,0,0,0,5,0,0,0,0,0,2,0,0,4,0,7,0,1,0,0,0,11,0,1,0,2,0,5,0,0,0,0,0,1,5,0,0,0,5,0,1,30,1,0,0,1,21,0,5,16,22,1,50,0,14,0,3,0,0,9,0,1,0,0,2,0,1,0,0,0,0,0,0,8,6,1,0,5,0,0,4,3,0,0,11,0,0,1,0,1,6,0,0,5,0,0,1,2,0,0,0,49,11,4,0,15,5,2,3,0,2,0,0,1,2,0,3,2,1,4,6,6,5,6,12,1,43,4,5,5,4,0,3,17,4,4,3,1,0,5,6,64,36,23,1,4,0,0,0,2,15,3,1,0,11,9,0,2,0,0,0,1,1,3,6,2,0,0,0,0,1,0,0,2,10,0,0,0,1,1
0,1,2,39,2,0,4,9,0,47,0,0,1,5,5,8,0,1,2,3,25,0,13,3,3,21,75,0,51,1,12,1,3,1,3,33,0,15,5,12,3,1,0,27,6,3,56,0,0,12,2,59,0,15,22,9,4,22,9,21,0,6,11,0,34,8,1,6,0,2,4,8,0,63,6,0,20,25,2,2,0,3,5,2,0,1,2,2,0,7,0,2,0,0,0,2,2,0,2,0,21,5,1,0,0,5,35,56,4,1,14,1,3,28,0,2,0,2,6,1,1,10,1,2,0,14,9,2,36,6,2,30,2,18,3,2,1,5,11,1,6,1,1,3,3,33,122,0,7,0,2,0,2,5,2,16,1,4,1,49,11,0,3,0,2,8,25,3,5,8,1,3,6,1,0,17,18,2,5,5,0,3,1,2,16
0,1,0,88,0,7,6,0,3,58,26,2,2,4,1,35,1,5,17,16,13,31,0,1,0,0,0,7,0,9,37,1,36,0,3,0,0,0,1,67,12,0,0,0,2,0,75,14,3,0,0,322,52,162,95,0,0,0,0,265,0,73,0,19,46,1,6,0,15,2,1,0,3,0,0,0,0,20,5,2,1,3,65,0,0,5,8,1,4,37,0,0,1,0,0,54,0,1,0,3,0,0,2,1,183,10,73,0,40,2,21,1,0,0,6,0,0,2,0,4,2,0,7,4,28,0,45,1,0,60,2,50,4,25,11,1,13,1,9,15,33,3,2,1,1,0,47,6,30,0,8,0,0,0,27,110,14,1,2,0,5,70,14,253,0,20,0,14,77,70,3,0,32,13,54,0,0,15,11,0,11,54,0,21,88
14,0,0,504,0,0,0,0,2,419,0,0,0,11,0,0,0,0,2,0,0,0,0,0,0,0,1,3,0,0,97,0,6,0,52,0,0,0,0,0,61,0,0,0,0,54,0,1,0,0,0,0,15,42,0,0,0,0,0,0,0,0,0,1,0,0,5,2,0,0,0,0,0,0,0,64,0,0,3,0,18,0,0,0,68,1,0,0,0,0,212,8,14,62,0,0,5,61,211,17,0,2,0,3,1,34,0,0,0,0,60,1,31,0,41,3,29,20,0,5,61,0,13,36,34,0,0,21,0,3,42,14,376,0,11,1,0,1995,456,0,0,8,6,2,100,0,0,9,0,6,0,0,0,0,0,0,90,36,0,0,436,5,0,4,0,0,0,0,0,0,0,0,0,1,4,0,0,9,0,0,0,0,0,0,0
0,10,27,61,16,12,58,0,0,29,37,1,13,0,3,6,32,0,0,0,0,2,0,0,0,0,0,1,17,1,23,8,2,1,0,152,107,12,0,13,65,5,0,0,121,0,15,1,31,55,0,51,12,44,18,0,12,0,0,45,32,0,3,1,6,0,0,0,129,0,0,0,0,0,6,0,0,1,0,0,0,17,0,0,0,0,0,0,0,0,0,0,0,0,0,0,1,0,0,0,241,0,0,0,0,0,0,180,8,0,0,0,0,116,0,0,0,0,0,0,0,154,0,0,3,19,0,0,170,0,0,0,0,44,0,0,0,0,0,0,5,0,0,0,0,65,12,0,0,0,6,4,6,11,3,1,0,0,0,67,0,14,4,0,1,34,20,0,8,9,4,4,97,4,20,0,0,10,0,0,0,3,11,21,162
0,0,0,0,0,2,0,2,1,0,13,0,3,0,3,0,0,0,0,0,0,0,0,0,1,1,0,0,2,0,0,0,0,0,0,2,0,3,0,0,0,0,0,0,0,0,0,0,0,0,0,1,0,0,0,0,1,0,13,0,0,0,0,0,1,0,0,1,1,0,0,0,0,5,1,0,0,0,0,0,0,0,0,0,0,0,0,0,0,0,0,1,0,0,9,0,0,0,0,0,0,0,0,0,0,1,1,0,0,0,0,0,0,0,0,0,0,0,0,0,0,0,0,0,1,0,0,1,0,0,0,0,0,0,0,1,0,0,0,0,0,0,0,0,0,0,0,0,0,0,1,1,0,1,0,0,0,0,0,0,0,0,0,0,0,5,0,0,0,0,0,0,2,0,0,3,1,0,0,0,0,0,0,2,1
0,3,0,0,1,4,11,0,1,0,6,0,5,0,0,0,1,0,1,0,3,0,0,3,0,6,0,0,4,0,0,2,1,1,0,6,0,7,0,0,2,3,0,0,0,0,1,0,0,3,0,1,0,0,1,0,6,0,23,0,0,0,2,0,0,0,0,0,3,0,0,0,0,0,2,0,3,6,0,0,0,4,0,0,0,0,0,0,0,0,0,0,0,0,9,0,0,0,0,0,0,0,0,0,1,0,0,0,0,0,0,1,0,0,0,1,0,0,0,0,0,0,0,0,0,0,0,0,0,0,0,1,0,0,0,0,0,0,0,0,0,0,0,0,0,0,4,0,1,0,7,1,0,4,1,1,1,0,0,0,0,0,0,0,0,5,3,1,0,2,10,0,16,0,0,0,0,0,0,0,1,0,2,4,0
30,14,77,0,5,0,0,23,10,0,0,0,5,1,0,34,0,1,6,10,1,2,31,1,17,14,219,5,0,6,1,0,4,0,33,37,0,63,0,13,25,0,9,104,3,14,12,0,0,59,81,64,16,44,20,0,17,0,0,8,0,18,0,0,14,10,2,0,0,0,0,43,2,21,7,9,2,0,0,0,20,10,4,20,14,1,3,2,1,1,11,2,3,7,0,0,0,8,3,3,14,0,1,1,0,15,20,7,2,2,72,5,2,2,37,2,35,25,52,25,0,2,8,1,14,0,2,10,11,2,3,9,34,27,3,0,1,195,80,1,17,24,6,0,6,1,5,1,4,0,2,1,0,13,9,29,3,35,4,3,111,1,14,0,0,7,17,1,9,11,1,10,4,3,0,64,4,12,4,0,0,2,1,1,0
0,11,12,0,9,10,15,9,2,0,16,12,3,2,18,12,242,4,4,0,1,2,0,0,1,0,0,0,0,0,0,12,4,26,3,27,27,17,1,33,17,5,4,0,0,0,2,3,0,81,0,4,1,16,13,6,0,3,0,0,159,8,4,1,9,2,1,2,38,0,1,0,0,20,6,2,5,5,2,0,2,19,18,0,6,0,1,3,2,0,10,2,3,2,19,17,7,4,0,1,23,0,1,0,8,3,0,1,0,1,17,2,4,24,6,1,4,1,0,0,5,0,3,4,3,3,1,0,11,20,2,85,35,9,11,7,1,99,62,5,91,0,3,0,6,3,3,2,9,0,1,6,1,6,5,9,5,1,25,1,41,1,21,2,37,30,19,0,0,6,1,1,375,0,8,0,0,4,2,2,2,5,18,49,108
0,0,0,6,1,4,0,2,0,5,2,0,0,0,3,1,0,0,0,1,3,0,1,2,0,2,3,0,1,4,6,0,2,0,0,0,1,2,0,1,3,0,0,0,0,1,4,0,0,0,0,0,1,6,0,0,1,0,20,0,0,4,2,0,1,0,0,0,1,0,1,0,0,4,0,0,0,3,0,0,0,1,0,0,0,0,0,0,0,0,0,0,0,0,8,0,29,0,3,0,0,0,0,0,0,0,0,0,1,0,1,0,0,0,0,0,0,0,0,0,0,0,0,0,4,0,0,0,0,0,0,0,0,0,0,0,0,1,0,0,0,0,0,0,0,0,4,1,0,0,2,0,0,1,0,1,1,0,0,0,0,0,1,0,0,5,0,0,0,2,0,0,5,3,0,3,1,1,0,0,1,0,0,3,0
0,0,0,0,0,1,5,4,1,0,1,2,1,0,20,1,3,0,0,0,4,0,27,0,28,3,4,0,1,0,0,2,0,0,1,3,0,0,1,0,4,0,2,157,0,4,0,0,1,4,19,1,0,0,0,75,5,0,3,0,2,0,1,0,0,0,0,0,0,0,0,25,2,11,1,0,0,0,0,7,2,0,1,6,2,1,3,10,1,0,0,5,2,0,1,0,6,2,11,0,0,1,0,1,0,4,0,0,0,1,10,3,2,0,0,1,0,0,10,1,1,0,3,2,0,0,0,29,0,0,2,0,0,0,2,0,12,0,82,0,0,0,1,3,1,0,13,1,45,1,0,1,6,0,1,40,0,16,0,0,57,0,1,0,0,0,4,1,1,2,3,3,1,0,0,2,7,0,1,7,0,0,2,0,2
4,0,0,0,0,0,1,0,1,0,1,0,0,0,0,0,0,0,3,1,1,0,2,0,0,1,27,0,5,1,0,0,0,26,4,7,4,0,0,0,0,0,0,28,3,1,1,0,8,0,0,33,3,1,1,0,0,0,0,4,0,0,0,0,1,2,1,0,0,5,1,4,0,5,0,1,1,5,0,4,3,0,3,14,1,5,0,4,1,15,1,4,1,3,0,0,0,1,0,1,0,2,47,3,2,48,0,0,1,5,91,2,16,1,10,3,4,88,3,6,4,0,12,8,13,2,5,1,1,68,0,75,65,3,12,20,1,6,12,0,4,2,5,0,2,2,3,20,14,4,2,0,0,2,0,2,2,13,0,2,110,1,0,1,12,1,0,1,0,11,0,1,4,0,0,2,2,2,1,0,1,2,0,0,2
0,0,0,2,0,2,2,0,4,15,0,0,0,1,0,0,1,0,1,7,4,2,0,0,1,0,0,6,7,0,1,8,1,0,7,2,0,1,3,16,2,7,2,21,0,8,1,1,0,0,3,4,0,3,5,0,0,0,4,2,0,0,0,2,6,2,4,0,0,0,1,2,2,0,1,0,0,1,1,2,0,0,0,0,4,0,0,2,0,2,0,9,10,0,14,0,0,3,32,1,1,4,2,7,0,3,0,3,1,1,27,12,22,3,2,2,2,0,0,2,3,6,5,1,9,0,0,36,1,3,1,3,0,3,4,1,6,0,111,0,0,0,0,6,13,2,5,86,28,2,1,2,1,0,3,7,0,39,1,0,134,0,0,0,2,0,1,2,1,10,0,0,1,0,0,1,2,2,1,0,0,3,0,0,2
0,1,0,0,2,2,34,2,1,12,3,5,3,0,0,7,12,2,0,2,1,24,3,10,7,6,7,9,0,3,0,24,0,3,4,2,10,0,0,76,10,40,1,20,0,4,10,0,5,2,6,17,4,6,29,64,1,4,7,3,4,2,0,1,40,1,0,0,9,1,2,0,0,12,9,0,2,4,1,1,2,1,3,2,1,0,0,1,0,0,1,2,2,0,7,1,2,2,4,1,4,1,1,6,0,3,0,3,5,0,30,1,6,6,1,2,2,1,2,0,1,2,4,0,49,5,0,9,0,1,0,9,3,1,12,1,0,3,101,1,0,1,1,1,15,2,5,1,10,0,4,3,17,2,5,1,2,15,0,0,115,2,0,0,24,3,21,3,5,12,6,2,6,0,0,2,4,3,0,11,11,7,7,1,15
3,0,1,0,1,1,15,0,0,0,33,0,0,3,2,7,0,3,1,2,4,6,0,0,3,3,0,0,1,0,0,0,0,6,6,1,1,12,0,43,4,0,3,0,1,0,2,0,1,0,0,4,0,1,0,9,1,1,1,5,0,1,0,0,14,7,1,0,0,4,1,0,5,0,1,0,0,1,3,0,0,0,1,0,2,2,2,0,1,4,0,3,9,2,0,2,3,14,8,4,11,0,1,11,4,14,1,6,0,1,59,30,24,17,1,13,4,2,0,1,3,2,11,6,0,15,0,53,9,7,2,66,7,4,37,3,1,5,193,0,3,5,5,18,37,30,4,0,1,7,0,0,0,0,3,0,6,43,1,1,150,5,4,0,12,1,7,1,1,5,0,0,1,1,1,0,3,1,1,4,0,4,2,0,4
1,1,15,11,8,1,7,7,0,7,7,3,1,0,0,1,1,0,1,2,0,1,24,2,0,0,54,10,0,7,29,0,3,0,0,4,9,1,0,0,0,1,0,6,1,6,0,0,1,3,34,29,0,7,12,0,1,0,0,12,0,0,4,0,1,1,1,3,5,0,1,47,0,15,2,3,1,9,1,0,1,1,0,3,4,0,0,0,0,7,1,1,0,2,0,2,2,0,22,1,0,0,1,1,3,10,0,7,2,0,12,0,0,0,5,0,20,1,1,31,0,5,6,0,2,0,4,1,2,31,0,37,0,0,5,0,0,52,56,0,1,8,0,0,3,0,0,0,0,1,0,5,7,0,0,0,3,4,0,5,20,0,0,1,0,8,12,1,4,1,12,7,6,9,0,24,14,3,0,0,65,0,1,0,3
3,0,0,0,0,3,8,3,0,0,5,0,1,3,3,4,11,0,0,4,2,1,11,1,20,4,4,0,10,0,0,1,0,0,2,0,0,0,0,7,0,1,3,56,0,4,0,0,0,1,10,2,1,1,0,0,0,0,5,3,6,0,3,1,0,0,0,0,3,0,0,9,0,8,2,0,1,1,0,0,2,0,0,3,1,1,0,3,0,0,1,1,2,2,0,0,0,1,9,1,0,0,1,4,0,5,0,0,0,0,16,2,9,0,0,7,2,1,3,0,1,0,4,2,3,3,0,20,0,2,0,9,0,0,1,0,2,0,74,1,0,1,0,1,2,1,7,0,5,4,0,0,1,0,1,2,0,20,0,0,117,0,2,0,0,1,1,0,0,8,0,0,3,0,0,7,13,1,0,1,0,6,1,1,5
10,0,0,0,0,0,0,0,11,0,1,0,1,6,0,3,0,5,1,2,2,3,3,0,3,2,3,1,0,0,0,6,1,0,11,0,0,0,2,22,0,2,7,33,0,0,5,0,0,2,9,4,0,0,8,0,0,0,0,0,0,3,0,9,6,4,1,0,2,0,5,2,2,0,1,0,0,0,1,4,1,0,6,3,0,3,12,7,1,1,0,1,11,0,0,2,0,5,24,2,0,5,0,5,0,8,1,7,0,0,36,19,12,2,0,6,1,1,3,1,9,1,8,3,0,12,1,34,4,0,2,10,1,0,8,2,5,0,219,7,4,2,6,4,14,3,6,81,41,4,0,1,0,0,3,10,0,43,3,0,253,0,5,0,0,0,2,3,3,9,0,0,1,0,0,1,1,0,2,0,0,10,2,0,0
2,0,0,0,0,0,0,0,20,0,0,0,0,5,0,4,0,0,2,3,1,1,0,0,0,0,0,0,0,0,0,0,0,0,11,0,0,0,3,31,2,0,5,0,1,0,6,0,0,0,0,8,0,0,7,0,0,0,0,0,0,2,0,0,6,6,1,0,0,1,2,0,4,0,0,0,0,0,0,3,6,0,1,0,1,2,20,45,1,1,1,3,11,1,0,1,1,23,0,0,0,11,0,3,36,17,2,0,2,10,97,6,12,0,2,9,10,13,0,2,7,3,4,9,0,0,1,7,0,5,1,3,3,0,3,1,30,0,195,1,2,8,4,16,16,0,4,4,105,5,0,0,0,0,3,4,3,54,2,0,293,0,2,15,0,0,0,0,3,10,0,0,0,0,0,0,0,0,0,0,0,3,0,0,0
0,0,0,0,0,2,0,0,2,0,1,0,0,4,0,1,4,4,2,0,1,1,0,0,0,0,0,0,6,0,0,0,1,2,8,6,3,6,0,0,2,1,8,0,2,0,0,0,2,0,0,0,0,3,1,0,1,0,0,0,3,1,1,10,0,12,0,1,2,1,0,0,11,0,0,1,0,1,0,4,1,0,2,0,0,1,0,1,0,2,1,2,1,0,0,0,0,2,3,6,4,4,0,2,0,4,14,31,0,1,21,3,13,9,0,15,1,1,0,0,14,4,13,1,2,8,0,26,4,1,6,7,0,1,8,3,2,3,101,0,0,1,8,5,15,4,0,0,1,1,5,0,0,0,0,9,0,19,1,3,89,1,6,1,16,0,0,0,0,1,0,0,5,0,0,0,0,0,3,0,1,0,0,1,3
0,0,0,0,2,19,0,8,0,0,1,1,3,0,1,0,24,0,0,0,0,0,8,4,34,0,5,10,0,2,0,7,2,2,0,0,6,0,0,1,17,8,0,60,1,0,0,1,0,0,10,0,1,6,0,0,1,0,2,0,16,4,1,4,0,0,0,1,7,0,0,12,0,16,31,0,0,1,0,1,0,0,0,3,0,0,4,1,0,0,0,0,0,0,0,0,6,0,0,0,0,0,0,0,0,0,1,17,0,0,0,0,0,4,0,0,0,0,4,0,0,3,0,0,15,4,0,0,2,0,0,0,0,0,0,0,2,0,0,4,0,0,0,0,0,3,0,0,1,0,2,3,5,4,0,8,0,0,0,1,0,0,5,0,3,0,3,3,0,0,2,0,17,2,0,12,12,1,0,0,3,0,4,3,19
3,0,0,5,0,0,0,0,19,3,24,1,0,2,0,28,1,49,9,11,4,4,117,6,0,0,43,6,0,30,4,5,1,0,14,20,27,12,1,45,28,7,2,45,0,0,20,1,0,1,37,62,29,140,59,0,1,0,0,12,0,21,4,1,131,5,0,0,1,1,2,13,2,22,8,0,3,2,3,24,1,0,13,6,0,2,14,38,44,11,0,1,2,0,0,37,6,0,0,6,0,0,1,2,0,8,45,0,2,2,30,0,4,0,0,0,2,2,10,2,6,0,8,4,62,0,12,4,0,108,0,221,1,83,8,5,11,3,50,51,143,1,6,1,9,0,15,1,96,0,1,3,0,0,11,105,1,5,41,0,71,0,110,1,0,4,45,1,32,54,0,0,0,19,0,57,5,61,10,0,14,31,2,0,4
0,2,1,298,2,0,262,22,0,170,6,0,1,0,5,0,13,0,0,0,0,0,0,1,2,0,0,2,17,2,145,4,66,1,0,9,0,5,0,0,0,3,0,0,0,17,0,29,0,6,0,0,8,33,0,0,0,0,15,0,10,2,0,38,0,0,0,0,5,0,0,0,0,25,7,0,2,5,0,0,0,2,10,0,0,0,0,0,0,0,0,0,0,0,19,0,9,0,15,0,0,0,0,0,0,0,0,0,0,0,0,0,0,0,0,0,0,0,0,0,0,0,0,0,12,0,3,0,0,0,0,0,0,0,0,0,0,0,0,0,0,0,0,0,0,0,0,0,0,0,18,1,7,0,0,0,0,0,0,0,0,0,0,0,1,4,19,6,0,0,0,1,26,0,0,0,3,10,0,0,1,0,11,1,0
0,2,10,0,1,0,0,0,0,0,0,0,0,2,1,0,1,1,0,1,2,0,12,3,0,28,63,1,0,1,0,1,10,28,2,14,0,0,0,1,4,3,0,29,2,5,1,3,4,8,3,30,0,6,2,5,3,6,0,19,0,1,1,4,5,3,0,1,0,0,2,8,1,17,0,1,3,8,4,0,0,3,2,10,4,1,0,0,1,8,0,0,0,1,0,0,3,0,3,2,12,0,0,0,15,0,2,12,2,1,14,1,2,0,7,2,4,4,2,4,0,5,3,1,5,0,7,2,4,30,2,42,14,3,2,1,0,22,21,0,4,1,2,0,3,1,1,4,0,0,7,2,0,2,1,4,2,11,2,2,21,0,3,2,21,3,13,4,0,1,1,2,1,1,2,8,7,2,1,3,7,0,3,0,4
0,5,26,0,10,0,0,0,1,0,5,0,4,2,15,0,0,1,0,0,0,0,0,6,0,17,0,2,9,3,0,5,3,0,1,0,3,0,0,0,2,5,1,0,0,15,0,0,0,14,0,0,21,39,0,0,1,0,1,0,1,3,0,1,0,0,1,3,0,1,3,0,0,0,3,0,2,0,0,2,0,4,4,0,0,0,0,0,1,5,0,1,0,0,0,0,2,1,35,1,0,0,0,0,4,4,0,0,0,1,29,1,0,0,0,0,0,5,0,1,1,0,2,1,13,0,8,1,0,43,1,44,0,1,6,1,0,4,7,4,11,0,3,0,0,0,0,0,7,0,2,2,5,12,0,0,0,3,1,0,25,2,0,1,0,4,28,0,0,0,3,0,3,11,0,0,0,4,4,0,9,0,13,0,3
0,1,2,27,1,0,7,2,0,38,2,8,0,0,1,3,1,6,0,2,0,2,22,0,0,7,20,9,3,12,63,0,0,0,1,2,3,7,0,9,0,0,0,6,3,9,2,0,1,4,9,14,18,81,1,35,1,71,8,24,0,0,0,0,0,4,0,0,0,0,0,3,0,15,0,1,0,0,4,3,0,0,4,6,4,3,0,0,1,16,0,2,0,0,1,7,0,0,9,1,2,3,0,3,4,7,6,16,5,0,33,4,3,14,2,2,1,1,3,0,12,10,16,6,30,10,3,5,4,68,0,74,1,4,11,6,2,9,37,1,2,0,1,0,5,3,0,0,4,2,2,1,0,2,1,7,3,14,0,24,27,0,0,4,2,4,5,3,0,7,0,0,1,15,0,12,7,9,0,28,0,1,0,0,1
24,3,7,8,2,0,0,8,1,4,13,4,1,0,0,0,2,2,0,0,0,0,1,1,24,1,7,3,8,0,9,2,0,6,3,2,10,0,0,0,0,4,5,4,1,0,0,0,1,16,1,0,1,1,0,0,0,0,2,0,0,0,0,0,0,3,0,0,1,0,0,3,1,9,0,3,0,0,1,1,1,1,0,4,7,2,0,5,0,0,3,6,1,4,9,0,1,1,0,0,13,0,91,0,3,13,6,15,0,5,51,6,10,2,9,1,3,13,4,0,1,6,5,10,1,0,1,5,2,22,4,71,52,0,17,12,2,22,47,0,1,7,2,0,3,0,0,0,0,0,3,0,1,3,0,12,0,6,0,0,125,1,0,2,4,2,8,0,0,0,1,5,5,0,0,3,11,1,0,0,0,0,1,0,1
0,2,48,11,13,5,12,7,0,8,38,23,3,0,25,1,29,2,5,3,0,0,16,0,3,7,83,0,17,0,12,3,10,0,9,7,19,42,0,12,26,16,1,102,0,11,3,4,5,46,53,6,0,1,25,33,7,24,35,0,115,0,0,0,12,0,0,0,14,0,1,12,0,43,0,1,1,8,0,0,1,9,0,6,6,1,1,1,2,3,1,1,2,7,54,1,1,3,13,6,0,0,0,1,0,10,2,0,0,1,74,2,13,0,4,3,12,15,2,1,18,0,20,13,0,0,0,4,0,102,3,279,33,3,16,9,0,98,322,1,0,2,1,3,27,0,2,4,1,9,1,89,1,18,4,37,2,20,2,0,365,5,0,0,0,21,51,5,1,2,0,0,120,0,3,17,2,0,3,11,0,10,12,9,38
0,0,0,0,0,5,0,0,0,0,0,0,0,0,0,0,0,0,0,0,0,0,0,0,0,0,0,0,0,0,0,0,1,0,0,3,0,0,0,0,9,0,0,0,3,5,0,1,0,0,0,0,0,0,0,0,0,0,0,0,0,0,0,1,0,0,0,0,0,0,0,0,0,0,0,0,0,2,0,0,0,1,0,0,0,0,0,0,0,0,0,0,0,0,0,1,1,0,4,0,4,0,0,0,0,0,1,0,0,0,0,0,0,0,0,0,0,0,0,0,0,0,0,0,0,0,1,0,1,0,0,0,0,0,0,0,1,0,0,1,0,0,0,0,0,4,0,0,1,0,0,0,0,0,0,1,0,0,0,0,0,0,1,0,0,5,0,0,0,0,0,1,2,0,0,0,0,0,0,0,0,0,0,0,3
0,0,0,101,0,0,4,1,0,79,2,0,0,0,0,1,0,0,2,0,3,0,0,2,1,0,0,0,0,1,57,0,0,1,0,3,0,4,0,0,0,0,0,0,0,0,11,0,0,0,0,1,0,1,1,0,1,0,1,2,0,0,1,0,5,0,0,0,3,0,0,0,0,0,0,0,0,0,0,0,0,0,0,0,0,0,0,0,0,0,0,0,0,0,0,0,0,0,0,0,0,0,0,0,0,0,0,0,1,0,0,0,0,0,0,1,0,0,0,0,0,0,0,0,0,0,0,0,0,0,0,0,0,2,0,0,0,0,0,0,0,0,0,0,0,0,9,0,0,0,0,0,0,0,1,0,0,0,0,0,0,0,0,0,0,1,0,0,2,4,0,1,0,2,0,0,0,3,0,1,1,2,0,0,0
0,0,2,0,0,19,14,2,2,1,13,3,0,0,1,5,97,0,0,0,2,7,0,2,1,7,7,0,7,0,0,7,0,1,2,0,0,0,6,17,0,7,1,10,1,0,3,0,3,3,9,1,2,3,2,0,0,0,1,1,50,3,1,1,3,0,1,1,62,0,0,2,1,2,0,1,5,4,0,3,0,0,3,0,1,0,8,5,0,0,1,1,3,0,3,4,0,3,4,1,0,0,0,2,0,2,1,1,1,0,12,0,5,0,0,5,1,0,3,0,2,1,1,1,7,0,0,5,2,1,0,1,1,0,2,0,5,0,29,3,0,0,0,1,1,0,4,4,29,1,2,2,7,0,1,11,1,9,1,0,20,1,0,0,0,6,17,0,0,5,4,2,94,0,2,2,0,0,1,0,4,4,5,5,47
16,3,23,35,3,1,9,0,18,28,17,15,1,3,4,0,4,11,0,0,0,0,16,2,0,31,118,20,30,26,68,4,26,9,14,25,10,6,2,0,13,4,1,63,0,0,0,5,12,24,59,0,55,170,0,0,1,0,31,0,7,72,3,2,0,10,2,5,2,9,6,31,6,0,11,0,3,7,11,11,2,4,8,20,2,3,1,4,19,79,0,4,9,1,34,31,2,5,0,3,0,1,4,8,211,31,2,0,0,13,93,2,4,0,1,3,6,72,36,17,5,0,30,11,48,0,49,8,0,295,3,246,9,0,17,6,2,11,94,26,21,4,9,0,7,0,0,4,53,1,22,12,4,2,0,4,1,7,15,0,141,1,5,33,12,24,24,19,0,0,8,7,26,9,8,25,0,52,6,0,11,0,4,11,15
0,3,2,2,3,4,10,3,0,7,17,0,4,0,12,0,0,0,0,0,2,0,9,1,2,6,7,0,0,4,1,3,0,0,0,0,2,19,0,0,0,0,0,1,0,0,2,0,1,3,2,0,2,3,0,0,8,2,3,0,1,0,0,0,3,0,0,1,5,1,0,7,0,25,0,0,0,0,0,0,0,2,0,1,0,0,0,0,1,0,0,0,0,0,3,0,0,0,0,0,0,0,1,0,0,0,0,0,0,0,0,0,0,0,0,0,0,0,3,0,0,0,1,0,3,0,0,0,0,0,0,0,0,0,1,1,0,0,1,0,0,0,0,0,0,0,1,1,1,0,1,1,0,6,1,0,1,0,0,0,0,0,0,0,1,6,2,0,0,0,0,0,11,2,1,16,6,7,0,2,1,0,3,8,6
0,0,2,0,2,0,0,0,0,0,0,0,0,0,0,0,0,0,0,0,0,0,0,0,0,0,0,0,0,0,0,0,0,0,0,0,1,1,2,0,15,0,0,0,2,0,0,0,0,1,0,0,0,0,0,0,0,0,0,0,0,28,0,0,0,0,0,0,0,0,0,0,0,0,0,0,0,1,0,1,0,0,4,0,0,0,143,183,0,0,0,0,0,0,0,1,1,0,0,0,0,0,0,0,0,0,41,12,0,0,0,0,0,0,0,0,0,0,0,0,0,15,0,0,0,0,23,0,0,0,0,0,0,0,0,0,38,0,0,5,5,0,0,0,0,0,0,0,193,0,0,0,0,3,0,58,0,0,0,1,0,0,39,0,0,0,5,0,0,0,0,0,0,0,1,0,0,0,0,0,1,0,3,0,0
0,4,15,0,13,0,19,15,2,0,5,9,3,0,24,0,7,0,0,0,0,0,5,2,8,39,42,0,2,0,0,1,0,1,1,0,13,0,1,0,0,0,0,20,1,4,7,0,7,4,17,22,0,0,3,1,2,9,17,1,9,11,2,0,2,0,0,2,0,1,0,7,1,31,1,0,0,0,0,0,1,5,0,8,1,0,2,0,2,3,0,2,0,0,0,8,0,2,5,2,1,1,1,0,9,3,0,3,2,0,15,0,0,0,1,1,1,5,16,1,0,0,2,1,1,0,7,1,0,25,0,17,0,1,3,1,0,3,11,6,10,0,1,0,3,0,3,26,10,0,0,19,3,16,0,0,0,5,1,1,17,0,1,1,0,8,14,1,1,0,0,0,15,0,2,10,6,0,0,3,4,2,9,2,3
1,0,1,34,3,0,4,2,0,12,19,0,1,6,0,18,1,1,15,22,5,4,5,0,2,0,22,0,0,0,13,4,0,1,31,15,0,0,0,24,6,3,6,31,0,63,7,0,107,2,19,120,2,10,10,0,1,0,0,10,0,72,7,0,24,0,2,6,0,0,36,12,0,70,1,3,0,0,8,0,2,0,3,6,4,4,9,2,3,12,5,6,7,12,6,0,2,9,3,9,0,0,5,8,0,25,0,0,4,1,83,5,24,0,2,1,11,6,2,0,13,0,5,15,5,0,1,11,0,148,3,1125,17,2,50,29,0,34,177,6,3,5,6,1,24,0,5,3,1,2,4,0,0,0,15,1,1,16,75,0,458,0,7,2,0,1,4,0,8,38,1,4,3,0,1,16,8,3,3,0,1,8,1,2,3
1,0,0,9,0,0,7,0,2,11,63,0,0,1,18,4,0,2,0,2,2,0,0,0,0,27,0,2,10,1,12,0,53,0,2,3,1,3,1,1,43,0,2,0,0,1,1,10,0,0,0,20,1,10,2,19,0,51,0,11,0,1,0,13,2,0,1,1,83,1,1,0,0,0,25,20,2,27,5,5,5,0,2,0,8,2,0,4,0,16,6,3,3,6,0,4,47,0,1,6,0,0,4,1,11,18,17,0,0,1,25,2,3,0,21,0,25,6,0,32,3,0,20,1,4,0,7,7,0,61,4,25,40,3,7,5,4,29,46,2,2,17,2,1,1,0,1,0,9,0,10,0,0,0,1,14,11,19,0,0,58,0,1,14,0,2,0,57,1,3,2,0,1,2,0,0,0,5,2,20,11,0,0,0,0
0,3,1,3,5,0,1,0,4,0,0,1,3,0,0,51,6,2,17,6,6,5,5,1,1,11,20,0,12,0,1,0,10,1,3,103,0,0,8,32,5,5,1,8,0,0,13,3,0,9,4,44,0,0,12,8,0,19,3,8,1,4,0,3,70,0,1,7,11,2,2,2,1,4,3,4,12,39,4,8,0,2,18,2,1,0,0,10,4,5,0,3,2,6,0,11,2,0,4,3,0,0,1,1,0,8,13,0,4,3,8,2,4,0,1,2,6,2,1,0,10,0,21,10,0,0,5,2,1,14,7,42,9,23,6,9,4,12,15,2,8,3,3,2,3,0,13,7,25,1,12,2,0,3,6,34,15,7,3,0,12,5,1,0,2,7,11,2,1,28,2,15,11,0,0,13,2,0,8,21,7,15,2,2,5
1,1,0,2,2,2,1,1,1,11,5,5,2,4,21,8,6,0,2,18,14,8,0,1,3,0,2,5,14,0,0,14,0,0,9,8,23,1,1,176,14,40,1,12,0,11,9,0,36,7,14,199,0,2,93,107,1,4,4,7,3,0,2,4,96,1,2,2,17,0,1,0,0,3,4,0,2,1,0,0,0,1,0,3,2,0,2,3,0,0,1,1,9,0,30,0,0,10,27,2,2,1,1,4,0,8,2,2,4,1,84,5,4,0,0,7,1,0,5,1,5,0,7,2,7,0,0,24,0,2,0,12,3,2,4,1,2,4,150,0,0,6,3,6,20,0,15,1,14,1,1,7,4,1,4,13,0,34,1,0,304,5,1,0,2,1,14,13,1,23,5,11,16,0,0,0,0,0,0,7,1,10,5,4,11
7,1,2,0,1,0,1,2,0,1,2,0,0,0,1,17,0,0,22,3,1,0,0,1,1,1,2,13,1,1,2,0,0,0,2,1,5,0,0,5,1,4,0,4,3,1,33,0,0,0,1,30,4,7,3,72,0,35,2,1,0,1,4,0,119,3,2,2,5,3,0,3,3,0,2,11,1,1,4,5,0,1,0,2,4,2,0,1,1,0,2,3,0,4,1,1,0,0,0,0,5,2,76,1,60,17,0,0,1,14,30,2,2,0,16,3,11,14,2,0,0,0,4,4,11,0,1,3,2,12,3,54,72,2,10,9,0,30,25,0,11,5,3,0,0,6,7,29,2,1,3,0,0,0,1,11,5,10,1,3,65,2,1,6,0,1,2,0,1,37,1,0,3,3,0,1,2,3,0,28,0,1,0,0,1
1,5,1,9,4,1,4,0,3,1,2,4,1,0,3,13,2,0,6,5,0,1,1,1,0,12,17,2,1,5,18,1,4,1,7,4,18,0,1,1,0,1,2,5,0,2,3,6,2,11,0,21,4,12,1,0,3,0,0,3,0,7,25,1,14,3,1,0,21,4,1,1,0,0,0,3,6,4,0,23,18,2,6,2,2,2,0,3,2,0,4,5,1,1,0,2,0,6,1,0,0,0,9,0,0,17,6,1,4,0,25,0,1,0,3,0,8,59,1,7,1,0,2,1,32,0,8,0,0,0,1,4,37,6,0,0,2,53,1,0,18,4,1,0,0,1,3,2,27,0,2,3,0,1,1,16,0,0,1,0,7,0,1,0,3,0,0,5,0,42,5,0,16,2,3,1,1,12,0,0,45,5,2,1,6
3,0,0,0,0,2,31,0,4,5,19,0,4,1,4,0,16,0,3,2,1,7,0,2,0,0,0,1,24,0,0,7,0,0,3,1,7,3,1,3,25,12,10,0,0,0,5,0,12,3,0,0,0,2,2,0,1,0,0,1,0,0,3,2,3,8,2,1,8,0,0,0,0,0,3,0,3,1,0,0,1,0,1,0,2,2,0,0,0,1,10,6,8,3,7,1,3,11,1,1,1,3,0,4,0,4,0,7,1,0,45,11,13,10,0,8,0,2,0,1,8,1,5,4,3,6,0,49,2,1,3,6,1,0,3,1,2,1,139,0,1,0,2,8,1,0,3,0,14,0,4,0,2,3,1,0,3,72,0,0,131,0,0,1,2,2,17,11,1,2,19,0,9,0,0,0,0,1,0,0,4,4,12,0,24
0,0,2,11,0,1,0,0,0,15,3,2,0,0,118,1,0,0,0,0,1,1,11,0,1,5,27,0,36,0,2,0,3,0,0,2,1,0,0,4,2,0,1,17,5,1,1,1,0,4,3,40,0,1,13,20,1,38,6,5,5,37,0,1,5,0,0,0,0,0,1,3,1,7,1,0,0,5,7,2,1,0,0,7,0,1,1,0,4,22,1,0,0,1,8,8,0,2,3,0,6,2,0,0,0,9,0,15,3,0,26,0,3,1,1,0,3,3,1,3,3,4,5,1,0,0,5,2,4,126,1,137,5,1,7,2,0,25,25,5,4,1,0,0,1,1,2,1,11,1,2,6,1,0,1,0,1,9,1,1,32,1,1,2,0,0,2,0,12,0,1,0,16,1,0,11,7,0,1,6,0,11,0,0,5
0,0,1,44,0,0,1,9,7,32,7,0,1,5,0,27,0,0,32,10,2,2,12,0,3,3,112,0,2,0,14,0,4,2,21,0,0,1,2,16,11,0,15,62,0,94,5,0,0,0,38,74,0,0,15,0,0,0,0,12,0,48,0,0,20,1,2,5,0,1,4,22,4,47,0,6,0,1,0,0,6,0,23,14,4,2,19,6,7,0,8,2,1,2,3,12,5,3,4,1,0,1,0,0,0,5,10,0,3,0,19,0,5,0,9,1,8,4,12,1,5,0,4,0,0,0,8,3,0,0,3,0,12,29,3,0,2,211,70,14,33,3,3,0,2,0,6,0,22,0,2,0,0,0,10,44,2,5,55,0,74,0,12,0,3,0,2,5,4,34,0,0,4,0,0,81,10,0,5,0,0,3,0,0,0
1,0,0,5,0,0,0,0,3,36,0,0,0,2,0,1,0,4,0,0,5,0,1,0,0,3,2,1,0,0,5,0,0,1,4,1,0,0,1,5,2,0,5,8,2,0,6,0,0,0,3,7,0,1,1,556,0,15,0,0,0,1,0,2,5,7,2,0,0,1,0,0,3,0,0,0,0,0,1,10,0,0,1,1,0,0,3,14,5,0,0,3,0,5,0,3,1,2,4,0,28,0,1,1,1,2,11,54,0,0,23,4,6,16,0,4,2,5,1,1,2,33,8,2,0,25,2,9,12,3,3,12,1,3,5,2,5,1,63,7,2,36,4,0,7,23,8,1,35,3,0,0,0,0,0,27,1,5,0,16,210,2,8,0,14,0,0,4,0,0,2,10,0,0,0,2,0,0,0,64,0,1,0,0,0
0,0,3,13,0,1,1,0,3,8,2,1,0,3,3,0,0,18,3,0,0,0,0,10,0,2,0,0,1,0,6,9,0,2,5,3,21,0,0,0,1,12,2,0,16,0,0,1,0,5,0,0,0,1,0,24,4,41,6,0,0,19,0,0,0,9,3,0,0,1,3,0,2,0,0,0,0,0,9,0,0,11,10,0,0,2,3,14,4,32,0,1,1,1,7,7,3,2,2,4,54,3,3,4,33,12,0,22,0,4,92,1,4,16,0,5,1,4,0,1,6,18,4,4,0,10,10,1,11,280,1,420,1,3,52,34,1,5,79,5,41,1,3,1,7,7,0,1,23,1,7,1,2,4,0,4,5,13,6,35,114,0,10,6,1,7,52,0,0,0,0,0,2,0,0,0,0,0,0,11,0,0,13,2,0
0,0,0,1,2,3,0,0,0,2,3,2,1,0,0,1,0,0,0,0,4,0,1,1,1,0,0,1,0,12,1,1,1,0,1,0,0,6,0,1,4,0,0,1,1,0,4,0,0,1,1,1,9,36,0,1,5,1,4,0,2,3,0,0,1,0,0,0,3,0,0,3,0,3,0,0,0,0,0,5,0,2,0,0,0,1,0,0,0,1,0,0,0,0,6,0,0,0,0,0,0,0,0,0,0,0,0,0,0,0,1,0,0,0,0,0,1,0,0,0,0,0,0,0,21,0,1,0,0,0,0,0,0,1,0,0,0,3,1,2,1,0,0,0,0,0,5,0,0,0,0,2,0,3,0,1,0,0,0,0,1,0,1,0,0,6,1,0,0,0,0,0,16,16,1,4,0,9,0,0,0,0,3,6,1
2,0,0,0,0,1,0,0,37,0,0,0,0,3,0,1,2,0,0,2,3,0,0,0,0,0,0,0,0,0,0,0,0,0,10,0,0,0,2,6,0,0,26,0,3,1,0,1,0,0,0,17,0,0,2,151,0,1,0,1,0,5,0,5,1,14,13,2,0,0,0,0,4,0,0,0,0,0,0,4,1,0,0,0,0,0,11,13,0,0,0,0,9,0,0,2,0,6,9,0,15,0,0,6,0,3,65,203,0,1,14,1,16,10,0,3,2,0,0,3,1,26,1,5,0,77,0,18,17,1,0,3,0,1,1,0,20,0,102,1,1,1,0,1,3,5,3,37,41,4,0,5,0,0,1,380,0,93,3,7,174,0,16,2,0,2,4,0,1,7,0,0,0,0,1,0,0,0,2,17,0,4,0,0,7
0,0,0,0,0,0,0,3,0,0,0,0,0,0,0,0,0,0,0,0,0,0,0,0,1,1,0,0,1,2,0,1,0,0,0,0,3,0,0,0,1,0,0,0,0,0,0,0,2,0,0,0,0,2,0,0,0,0,0,0,0,0,0,0,0,0,0,0,0,0,1,0,0,2,0,0,1,0,0,0,0,0,0,0,0,0,0,1,0,0,0,0,0,0,0,0,0,0,0,0,0,0,0,0,1,0,0,0,0,0,1,0,0,0,0,0,0,0,0,0,0,0,0,0,0,0,0,0,0,0,0,0,0,0,0,0,0,0,0,0,0,0,0,0,0,0,0,0,0,0,0,0,0,0,0,0,0,0,0,0,0,0,0,0,0,0,0,0,0,0,0,0,0,0,0,0,0,1,0,0,0,1,0,0,0
0,0,9,1,4,1,0,4,7,1,29,1,2,3,7,6,0,15,22,13,0,2,6,1,27,13,37,4,7,9,0,5,5,28,13,7,3,92,0,16,20,46,1,43,0,5,7,0,0,18,24,11,10,51,69,55,5,16,14,0,1,3,3,2,58,0,0,2,2,0,10,2,3,8,0,1,8,2,3,3,2,3,7,1,0,0,3,0,12,9,2,3,1,1,13,2,1,0,3,4,2,0,2,3,0,13,1,2,1,1,61,2,12,0,3,3,5,5,1,1,19,0,14,11,18,3,0,2,0,248,2,471,16,9,18,22,0,21,113,5,28,2,4,5,22,1,3,1,2,2,2,12,1,4,2,40,2,9,11,0,311,11,4,1,45,22,226,0,1,12,2,0,6,7,8,5,2,25,12,10,4,19,15,5,32
1,0,1,0,0,0,0,0,9,0,4,3,0,0,1,0,1,0,0,0,0,0,0,0,0,0,1,5,0,0,0,0,1,0,0,1,0,0,2,0,0,1,2,0,0,2,0,0,25,0,0,0,0,2,0,13,0,0,0,0,0,1,0,0,0,0,0,0,2,0,0,0,1,0,0,0,2,0,0,0,6,0,1,0,4,0,5,7,0,0,0,4,6,1,0,0,0,6,6,2,0,0,0,6,0,6,9,0,0,0,24,6,12,0,0,15,5,3,0,1,3,1,2,10,14,0,0,57,0,0,1,2,4,0,4,0,4,0,171,1,0,9,1,1,7,0,0,1,6,2,4,1,1,0,0,14,2,79,2,0,157,1,6,0,2,1,1,0,0,0,0,4,2,0,6,0,0,2,0,0,1,0,0,0,0
0,0,20,23,1,0,0,49,0,15,10,1,1,0,124,0,2,2,0,0,0,0,0,3,4,1,0,2,10,1,12,11,0,11,2,4,1,8,1,1,9,60,0,0,0,1,0,1,11,19,0,0,2,1,4,17,6,10,13,0,11,0,0,0,2,2,1,0,0,0,0,0,0,101,3,0,3,1,0,0,0,4,0,0,0,0,1,0,2,1,0,0,0,0,0,25,4,0,1,0,13,0,1,0,7,0,0,9,0,0,2,0,1,3,0,0,0,0,0,0,1,1,0,0,3,0,0,1,0,4,2,10,1,1,0,1,1,5,11,3,5,1,0,0,0,5,0,0,14,0,7,12,2,5,0,0,0,2,0,1,17,0,0,11,8,6,147,0,0,3,9,1,11,0,0,0,6,1,1,10,1,1,8,2,3
0,0,18,33,1,1,17,1,0,26,0,6,1,1,36,11,21,25,23,5,0,4,11,2,2,30,45,0,8,0,12,0,10,1,11,13,0,13,0,9,15,9,0,50,11,0,7,2,0,24,24,10,0,3,105,0,5,0,5,0,63,0,0,3,10,14,1,5,6,0,2,4,4,7,1,0,3,6,1,2,0,3,9,7,0,1,1,0,4,1,0,0,0,0,4,30,0,0,0,5,310,1,0,3,27,3,0,6,1,1,14,0,4,59,0,0,3,0,3,2,5,4,6,3,0,28,3,0,47,26,0,82,0,69,3,5,2,1,43,6,24,0,4,2,4,32,1,0,21,0,1,42,1,7,25,0,0,1,0,12,60,0,1,22,1,14,34,3,10,35,4,3,74,0,2,13,1,2,1,0,24,45,10,3,3
2,7,16,56,3,0,0,0,6,57,1,0,3,13,2,2,1,1,6,6,0,2,0,1,0,0,0,3,0,5,32,0,5,5,49,5,0,0,4,14,10,15,17,0,2,9,6,3,2,26,0,8,2,10,27,62,13,27,3,1,2,0,2,4,33,27,1,2,0,0,0,0,7,0,0,9,2,3,0,3,5,8,7,0,5,1,1,3,10,0,10,2,0,5,18,99,4,3,25,7,233,1,0,1,0,17,1,6,0,0,62,0,5,89,31,1,32,28,0,3,9,3,27,0,2,67,11,3,9,2,4,1,97,34,1,0,1,535,185,15,35,6,4,0,0,41,1,0,36,0,0,7,2,16,0,1,7,3,10,13,164,15,0,1,6,18,65,1,0,4,0,5,6,1,5,0,0,10,5,14,9,13,4,0,14
4,4,8,14,5,0,5,15,1,7,8,0,0,1,86,0,11,1,13,8,1,3,2,1,2,14,12,1,85,1,3,16,11,16,13,13,2,39,0,2,34,9,7,25,0,119,4,5,5,4,12,45,1,5,12,40,6,52,37,1,7,3,3,2,7,4,14,31,9,15,7,3,0,47,4,1,3,10,0,0,4,0,2,3,6,1,6,0,0,5,9,2,7,16,79,0,15,8,53,9,2,1,0,5,71,16,0,9,1,3,43,3,18,9,3,1,13,9,2,1,23,1,2,5,2,4,2,5,0,25,2,82,31,0,12,2,2,63,349,0,5,1,3,0,14,6,4,0,0,3,5,1,3,3,6,1,6,19,9,4,368,14,1,59,13,2,26,9,9,17,1,3,17,3,2,10,4,1,3,55,2,7,7,4,10
0,11,20,61,8,3,5,0,4,37,5,1,4,2,7,14,31,0,22,5,1,0,5,1,0,35,38,1,0,3,11,8,25,0,12,10,28,2,2,4,6,9,3,7,2,0,0,2,10,34,22,35,14,64,4,19,8,11,13,18,33,7,27,7,6,3,1,0,24,1,10,4,2,0,6,4,0,13,0,3,7,15,9,13,2,1,1,0,2,0,10,3,0,2,0,38,0,6,0,2,4,0,0,2,0,23,1,5,0,2,41,0,5,2,5,0,7,16,3,6,1,3,7,5,25,3,24,3,6,1,8,0,28,6,2,0,1,232,110,9,28,5,1,2,4,2,3,1,45,1,3,0,7,7,8,1,4,8,14,4,74,0,0,0,0,25,25,6,3,52,4,0,101,3,1,18,0,17,2,12,1,4,1,4,28
10,3,7,3,0,1,1,3,17,2,0,23,1,9,1,8,8,65,31,16,6,6,18,5,3,30,114,2,18,3,3,6,6,4,18,6,6,1,1,18,10,7,1,63,0,11,12,7,27,9,70,75,5,23,49,2,2,2,3,10,1,94,1,2,21,4,3,0,1,5,5,28,2,11,5,1,2,0,21,12,0,6,42,24,1,9,6,4,17,118,1,1,2,1,7,12,0,1,11,16,0,1,8,3,147,53,75,0,9,10,111,2,8,0,9,1,11,63,26,19,5,0,48,6,13,0,25,6,0,436,1,379,15,20,17,8,12,21,46,12,11,9,20,1,7,0,4,6,18,0,1,21,4,2,9,64,3,4,12,0,134,9,18,23,4,15,27,5,19,17,3,1,15,4,0,26,3,11,31,4,11,9,12,5,2
0,0,0,1,1,3,0,0,0,20,0,0,0,0,0,0,0,5,0,0,0,1,0,0,0,0,0,0,0,0,1,3,1,0,1,5,0,0,1,1,2,3,0,0,1,1,0,0,3,0,0,0,0,0,0,0,0,0,0,0,0,5,0,2,0,0,0,0,1,0,1,0,0,0,0,0,0,1,0,2,0,0,34,0,0,0,0,0,0,0,0,0,0,0,0,1,5,0,2,1,0,0,0,0,0,1,3,0,0,0,2,1,1,0,0,1,0,0,0,0,0,0,0,0,0,0,1,7,0,0,0,0,0,3,9,0,2,0,9,0,1,0,0,0,1,0,0,0,0,0,0,0,0,1,0,0,0,4,0,0,4,0,0,0,0,0,2,1,1,0,0,1,1,0,1,0,0,2,1,0,0,1,1,0,3
0,0,0,0,1,5,0,2,0,0,2,0,1,0,0,1,1,0,0,0,2,0,3,0,1,4,2,0,9,1,0,2,9,1,0,5,1,2,0,0,1,0,0,0,0,0,3,0,2,0,0,1,0,1,0,0,3,1,7,2,1,0,0,1,0,1,0,1,0,1,0,0,0,8,2,0,3,0,0,0,0,1,0,2,0,0,0,0,0,0,0,0,0,0,0,0,0,1,1,0,0,0,0,0,0,1,1,0,0,0,2,0,1,0,0,0,0,0,0,0,0,0,0,0,3,0,0,0,0,0,2,0,0,1,0,0,0,0,1,0,0,0,0,0,0,0,1,0,0,0,0,1,0,2,1,0,0,0,0,0,1,4,0,0,0,11,0,3,0,0,0,4,5,1,4,12,1,2,0,0,1,0,0,6,4
0,0,1,0,0,1,0,2,0,0,2,0,0,0,1,0,0,0,0,0,0,0,7,0,1,12,8,0,4,0,0,0,2,1,0,1,1,1,0,0,0,3,0,1,0,0,1,0,0,0,0,0,0,1,0,1,1,3,0,0,0,2,0,0,0,0,0,1,3,0,0,6,0,6,2,0,4,3,0,0,0,1,0,2,0,0,0,0,0,0,0,0,0,0,5,0,0,0,0,0,0,0,0,0,0,0,0,0,0,0,0,0,0,0,0,0,0,0,1,0,0,0,0,0,0,0,0,0,0,0,0,0,0,0,0,0,0,0,0,2,0,0,0,0,0,0,0,1,0,0,0,0,0,2,0,0,0,0,0,0,0,0,0,0,0,5,0,2,0,0,0,0,6,0,1,12,2,1,0,3,0,0,0,1,1
4,4,17,1,3,0,9,6,5,0,19,2,1,3,4,27,45,44,20,6,5,39,18,1,18,29,69,0,8,1,0,11,3,3,21,25,0,11,1,140,6,9,0,62,1,0,19,1,2,46,32,24,9,18,163,108,10,52,0,1,23,1,1,2,57,59,1,0,14,0,0,21,12,14,1,2,9,0,4,2,0,3,15,7,3,4,1,3,9,9,0,4,3,1,0,37,2,15,0,11,642,0,4,3,0,12,0,37,0,1,44,5,25,159,1,1,4,3,1,0,24,6,9,15,17,24,1,4,76,106,2,658,9,68,65,43,0,17,100,8,48,3,6,0,31,76,31,2,14,7,2,10,1,4,5,8,1,3,1,1,225,12,1,0,2,4,97,0,1,33,0,3,81,3,1,14,5,1,0,39,0,35,13,12,12
0,0,0,0,0,0,1,1,0,1,5,0,2,0,2,3,2,0,0,2,0,2,3,2,12,2,0,17,3,1,0,7,12,0,2,0,0,5,0,9,5,8,1,31,0,4,1,1,0,2,2,1,1,1,0,11,6,0,14,0,2,1,15,28,5,0,0,0,0,0,2,2,0,10,1,0,4,2,0,0,0,0,1,1,1,0,0,2,0,0,0,0,1,0,9,0,1,0,12,0,0,0,0,0,0,1,0,3,1,0,3,0,0,0,0,1,0,0,2,0,2,1,0,0,37,0,0,6,0,0,0,1,0,3,0,0,5,0,13,1,0,0,0,0,0,1,1,0,4,3,6,2,0,4,2,4,0,5,0,0,21,0,1,0,0,2,15,7,1,7,3,0,0,2,1,3,7,6,0,2,5,8,7,0,2
2,0,0,0,1,2,0,0,3,0,1,1,0,2,0,0,7,3,2,1,0,0,0,1,0,3,0,2,1,0,0,3,1,1,12,0,1,0,0,4,3,6,9,0,4,0,0,1,18,1,0,1,0,0,9,0,0,0,0,0,0,0,2,0,1,31,2,1,2,4,2,0,5,0,0,1,0,0,0,0,1,0,0,0,0,0,4,2,4,1,1,8,6,0,6,0,0,8,0,4,54,7,0,18,0,3,0,116,0,4,37,15,24,82,1,11,1,1,0,2,5,49,9,1,0,129,0,58,15,1,1,1,1,4,11,0,1,1,193,5,2,5,3,10,12,38,1,1,3,4,1,3,1,0,7,5,1,56,3,5,181,0,9,1,0,0,3,0,1,17,0,0,3,0,0,0,0,0,0,0,1,7,1,0,10
0,0,0,0,0,3,9,0,0,0,3,5,1,0,0,10,14,0,0,0,3,17,0,0,0,0,0,3,13,1,0,2,0,0,0,4,26,0,0,53,0,3,0,0,11,0,8,0,0,0,0,12,0,1,28,0,0,0,3,1,4,0,1,1,25,0,0,0,4,0,0,0,0,0,2,0,6,1,0,0,0,0,0,0,0,0,0,0,0,0,0,0,0,0,0,0,0,0,0,0,112,0,0,0,0,0,0,101,3,0,0,0,0,90,0,0,0,0,0,0,0,31,0,0,9,129,0,0,34,0,0,0,0,41,0,0,0,0,0,0,0,0,0,0,0,65,8,0,0,0,5,2,0,0,0,0,0,0,0,8,0,2,0,0,0,0,4,0,6,19,1,1,7,0,1,0,0,1,0,0,1,9,4,2,1
4,2,4,0,1,0,8,69,43,0,34,2,0,10,39,15,2,5,12,6,4,2,415,1,237,67,195,0,176,3,0,2,5,16,97,23,1,0,26,20,166,1,37,159,7,5,13,0,0,3,145,29,0,4,14,1394,0,2166,0,10,0,26,0,0,76,84,6,0,0,19,1,36,9,150,1,63,0,20,1,80,149,0,154,36,30,1,21,36,27,2,124,6,6,42,324,264,3,7,104,16,136,1,2,8,1,60,558,484,2,5,191,16,14,73,143,6,171,51,40,71,21,42,102,10,1,20,143,49,17,3,16,18,185,52,3,8,34,1536,518,66,181,57,20,12,6,26,3,3,236,0,31,1,0,1,5,929,38,77,12,16,313,25,20,2,12,3,7,0,10,33,4,2,9,1,0,135,177,3,61,476,0,11,1,0,4
4,0,0,0,0,0,0,0,3,0,0,0,0,3,3,2,0,0,0,1,2,10,0,0,0,0,0,0,0,0,0,0,1,0,5,4,0,0,8,36,27,0,4,0,1,0,8,0,0,0,0,3,1,1,1,0,0,0,0,4,0,0,0,6,12,4,0,1,0,1,4,0,6,0,5,0,0,5,0,4,3,0,7,0,5,1,2,3,0,0,3,0,14,4,0,4,3,12,12,2,8,3,0,7,0,5,0,7,1,2,61,7,17,17,1,12,5,0,0,0,7,2,6,2,6,13,0,48,12,0,1,2,4,2,2,0,5,4,164,0,5,2,0,6,10,22,2,97,59,2,4,0,0,0,1,5,3,76,0,0,129,0,0,0,0,0,0,23,0,8,0,2,0,0,0,0,0,2,4,0,4,3,0,0,0
0,6,22,1,3,1,2,7,0,0,4,3,0,0,59,1,2,0,2,0,1,0,56,5,18,9,23,1,14,1,3,3,0,0,2,12,20,0,0,2,0,4,0,25,0,1,0,0,0,19,23,3,5,14,4,4,3,3,15,2,4,1,0,0,6,0,0,0,10,1,2,3,0,17,2,1,0,2,1,0,0,4,6,7,0,0,1,1,0,0,0,0,0,0,31,0,0,1,5,1,0,0,0,0,17,5,1,0,0,0,10,0,0,1,0,0,1,2,4,1,1,0,4,2,5,0,0,3,0,16,1,20,4,0,1,0,0,3,28,0,3,1,0,0,8,0,2,0,0,0,2,4,1,3,1,5,0,6,0,1,22,0,2,5,1,12,15,0,2,3,0,2,20,3,1,17,21,2,2,2,1,1,1,1,13
1,0,0,0,1,1,0,0,5,0,0,8,0,1,0,0,10,0,0,0,0,1,0,1,0,0,0,0,0,0,0,2,0,0,6,1,11,0,0,0,0,0,7,0,0,0,2,0,7,1,0,0,0,1,0,0,1,0,0,0,7,0,0,2,0,5,1,0,1,1,0,0,2,0,2,0,1,2,0,0,4,1,0,0,5,4,3,1,0,0,12,5,3,10,24,0,0,29,0,1,2,4,1,6,1,24,2,13,0,0,129,20,4,3,1,24,35,5,0,8,1,11,8,9,0,14,0,107,0,0,12,8,15,0,3,0,2,13,382,1,0,52,1,12,3,0,3,0,19,2,0,1,1,1,0,13,4,117,0,4,272,1,1,0,0,4,3,0,0,0,1,5,4,0,1,0,0,0,1,0,0,0,2,5,1
2,0,0,0,0,0,0,0,38,2,5,0,0,7,2,0,0,214,5,2,1,0,0,0,0,0,0,0,0,0,3,0,0,4,46,0,3,0,0,6,1,0,2,0,8,3,1,0,0,0,0,7,0,0,0,0,0,0,0,1,0,1,0,0,11,279,7,0,0,1,0,0,40,0,0,1,0,0,20,2,0,0,2,0,2,6,0,3,5,29,0,5,2,2,1,16,0,1,2,15,358,1,9,12,0,25,0,145,0,6,76,12,16,47,1,7,7,5,0,4,20,11,41,18,0,0,10,15,44,528,6,624,5,16,25,14,1,6,141,5,11,5,30,4,61,150,0,0,5,1,0,0,0,0,0,2,3,15,8,19,239,4,2,1,6,0,0,0,0,3,0,0,0,0,0,0,0,0,2,0,0,2,0,0,0
4,0,0,0,0,1,0,0,17,0,1,0,0,4,0,0,2,2,0,0,1,1,0,0,0,0,0,2,0,0,0,0,0,0,18,0,0,0,2,6,0,0,29,0,0,9,2,0,14,0,0,2,0,0,0,0,0,0,0,0,0,11,0,3,0,0,2,0,0,0,0,0,3,0,0,1,0,0,0,1,2,0,1,0,4,2,0,7,1,1,0,5,41,5,0,2,0,39,36,2,0,1,2,16,0,25,47,0,0,6,239,16,28,0,0,57,10,23,0,0,11,2,23,15,14,0,0,185,0,0,2,8,11,1,8,2,5,3,838,8,1,3,4,16,52,0,0,1,34,8,5,1,0,0,0,29,0,327,5,0,1094,1,2,0,0,0,1,0,1,2,0,0,0,0,0,0,0,0,2,0,1,1,0,0,0
2,0,0,0,0,6,0,1,1,4,67,0,0,0,0,2,14,0,0,0,0,1,0,0,2,0,0,2,1,0,0,1,0,2,5,0,6,0,0,2,0,1,2,0,0,0,0,0,5,0,0,6,0,0,4,21,0,0,0,0,4,0,0,14,2,0,0,1,2,0,0,0,0,0,0,0,0,0,0,0,0,0,0,0,0,0,2,1,0,0,0,1,2,0,0,0,0,13,6,0,0,0,0,2,0,1,3,4,1,0,9,0,10,1,0,1,0,0,0,0,0,1,3,1,0,2,0,10,0,0,0,0,0,0,2,0,3,0,52,0,0,0,0,1,5,0,1,0,16,0,0,2,0,0,0,15,0,32,1,0,85,0,5,1,15,2,0,8,0,0,2,0,3,0,3,0,0,0,0,2,1,0,0,0,29
22,0,0,0,0,0,0,0,0,0,273,0,0,4,0,0,0,7,0,0,0,0,0,0,0,0,0,5,0,3,0,0,9,2,9,31,82,0,0,0,0,0,3,0,0,0,0,4,0,0,0,0,3,41,0,176,0,194,0,0,0,0,1,4,0,0,17,16,0,21,1,0,0,0,2,39,9,0,90,0,4,0,1,0,33,14,0,0,3,20,22,14,38,76,0,0,9,30,0,17,0,7,102,16,250,76,0,0,0,21,148,23,113,0,40,11,51,42,0,7,88,0,49,103,16,0,0,12,0,372,22,768,336,0,50,52,0,240,303,0,0,32,4,6,63,0,0,16,0,7,0,0,0,0,0,0,54,68,0,0,307,0,0,207,2,0,0,7,0,0,4,1,0,8,16,0,0,4,0,249,20,0,0,0,0
0,0,0,0,0,0,0,0,0,0,0,0,0,0,0,0,0,1,0,0,0,0,0,0,0,0,0,0,0,2,0,0,0,0,0,0,0,1,0,0,2,0,0,0,1,0,0,1,0,0,0,0,0,1,0,0,0,0,1,0,0,0,0,1,0,1,1,0,0,1,0,0,0,0,0,1,0,0,3,0,0,0,0,0,0,0,0,0,0,1,0,0,0,0,0,0,0,0,0,0,4,2,0,0,0,4,0,0,0,2,5,3,1,0,0,1,2,0,0,0,0,0,5,0,1,0,0,1,2,0,1,2,2,0,0,2,0,1,5,0,0,2,1,0,0,2,0,0,0,1,0,0,0,0,0,0,1,2,0,0,1,0,0,0,0,1,0,0,0,0,0,0,0,3,0,0,0,0,0,0,0,0,0,0,0
0,0,1,0,4,0,0,0,10,0,6,1,0,0,0,0,0,0,0,0,0,0,0,0,0,0,0,2,0,1,0,0,1,2,7,2,0,0,17,0,3,3,7,0,3,0,0,0,16,7,0,0,1,3,0,0,1,0,0,0,1,3,0,3,0,13,0,0,0,0,0,0,2,0,2,0,1,0,0,4,0,0,2,0,0,0,10,49,1,0,1,0,1,2,0,20,1,4,0,0,244,1,0,1,0,2,10,266,0,0,13,1,0,51,2,6,0,1,0,1,0,27,0,0,17,29,4,6,18,0,0,0,2,1,0,0,7,5,33,1,65,1,1,2,1,45,0,0,513,0,0,3,0,1,0,50,0,36,1,36,45,0,0,0,18,1,16,6,0,0,0,2,1,0,0,0,0,0,0,0,0,0,0,0,3
1,0,0,1,1,0,0,2,29,6,4,0,0,4,0,0,0,0,1,0,0,0,0,0,3,0,0,2,0,1,1,0,0,0,9,25,0,1,0,0,2,0,23,0,0,1,0,0,5,1,0,0,2,1,0,0,0,0,0,0,0,14,3,2,0,0,2,0,2,0,0,0,2,4,0,1,4,3,0,1,2,0,1,0,2,1,2,2,0,1,0,1,7,0,0,0,0,11,5,0,0,0,0,5,0,5,224,0,0,1,29,3,8,0,0,11,1,8,0,1,1,15,3,7,7,0,0,30,0,0,0,0,7,0,0,0,4,0,206,0,1,0,0,1,10,0,0,1,0,2,4,1,1,0,0,218,1,59,2,0,229,0,9,0,2,1,9,0,0,0,23,8,2,0,0,0,2,1,5,0,2,0,0,2,9
0,0,0,1,0,0,0,1,0,1,1,0,0,0,0,1,0,0,0,1,2,0,8,0,1,2,10,1,1,0,0,1,1,0,0,0,0,3,0,2,5,0,0,3,0,0,1,0,0,0,1,0,0,2,0,0,0,2,1,2,0,1,2,0,2,0,0,1,0,0,0,7,3,7,0,0,0,1,1,0,0,1,1,0,0,1,0,2,1,0,0,1,0,0,0,0,1,0,0,0,0,1,0,0,0,0,3,0,0,0,1,0,0,0,1,0,1,0,1,0,0,0,0,0,1,0,0,0,0,1,0,0,0,0,0,0,1,0,0,1,0,0,1,1,0,0,5,0,1,0,0,0,0,0,0,2,1,0,0,0,0,1,1,0,0,0,1,0,0,4,0,0,1,0,2,7,5,0,1,1,0,2,0,0,0
0,0,0,0,0,13,10,0,0,0,38,1,0,0,0,1,6,0,0,0,0,2,4,2,1,7,3,7,2,2,0,0,0,6,1,16,0,1,0,1,0,3,0,32,0,0,0,1,9,4,12,0,5,2,0,16,0,1,6,0,0,0,17,9,0,0,0,2,10,0,0,11,0,0,15,0,8,8,0,1,0,0,0,4,0,0,0,0,1,0,1,0,0,0,1,0,0,1,4,0,0,0,0,0,1,0,0,0,0,0,7,0,2,0,0,2,1,0,3,0,1,0,2,3,33,0,0,3,0,0,0,3,0,0,0,0,0,1,10,1,0,0,0,3,1,0,0,1,1,0,0,1,1,2,0,1,0,4,0,1,10,0,0,0,13,1,5,8,0,0,8,1,8,1,0,2,3,8,0,3,6,0,1,4,45
4,0,0,1,1,3,1,2,1,2,20,0,0,0,0,4,2,0,2,2,1,4,2,1,4,2,9,0,8,0,0,1,1,7,1,2,0,1,0,29,0,1,0,20,0,6,10,0,1,1,12,17,0,0,12,14,0,0,5,5,2,1,0,2,9,2,1,0,1,1,0,3,1,11,0,0,18,1,0,0,1,0,0,4,0,2,2,0,0,1,1,1,1,0,7,0,0,5,2,2,0,1,0,3,1,3,1,4,1,1,22,3,5,1,0,4,5,0,7,0,4,0,5,2,0,2,0,10,0,3,0,5,0,1,1,0,1,0,74,0,0,1,1,3,6,2,14,0,10,0,1,0,0,0,3,0,0,25,0,0,43,0,0,0,3,2,0,0,8,12,0,0,5,0,1,1,1,1,0,2,0,7,0,1,12
0,0,0,0,0,1,0,0,0,1,0,2,1,0,24,1,13,0,0,1,0,0,0,1,0,1,0,7,15,1,0,0,1,1,0,2,0,4,0,1,4,0,0,0,0,0,0,2,0,1,0,0,1,3,0,5,0,0,4,0,2,0,0,2,1,0,0,0,2,1,0,0,0,0,1,1,2,39,0,0,0,0,0,0,0,0,0,1,0,0,0,0,1,2,10,2,7,1,3,2,0,0,0,3,0,0,0,0,0,1,7,0,0,0,0,4,2,1,0,0,0,0,0,0,4,0,0,4,0,1,3,0,2,0,0,0,1,6,35,0,0,0,2,2,1,0,0,0,0,0,2,2,0,0,0,0,1,9,0,0,12,0,0,0,0,1,0,6,0,0,3,0,4,0,1,0,0,2,0,0,11,0,0,0,2
4,0,0,0,0,2,1,0,1,0,0,1,0,0,0,1,26,0,0,5,0,1,1,0,0,0,0,3,0,0,0,0,10,0,2,35,1,0,0,7,1,0,2,1,0,0,1,8,102,0,1,1,0,0,0,1,0,0,0,2,8,0,1,56,0,3,0,0,0,1,0,0,1,0,0,0,2,0,4,0,3,0,0,0,0,1,1,2,0,0,0,6,8,0,0,0,0,3,0,3,1,3,1,9,0,6,0,6,0,1,36,18,8,4,1,13,0,1,0,1,6,0,12,4,1,0,0,45,0,2,3,10,2,0,9,2,2,0,205,0,0,0,1,3,12,2,1,0,0,10,0,4,0,1,1,2,0,30,0,0,229,0,0,0,3,0,0,0,0,6,3,2,6,0,0,0,0,1,0,2,0,4,0,0,3
4,0,1,0,2,2,2,0,0,1,6,1,2,1,0,0,1,0,0,1,1,0,0,1,1,3,2,5,5,3,0,0,0,5,1,0,5,3,0,7,1,1,0,4,0,3,3,1,5,4,1,7,10,5,0,22,1,3,1,3,0,1,0,8,3,1,0,1,2,1,0,0,2,2,1,0,8,8,0,0,0,0,2,0,2,0,2,0,0,0,0,0,4,0,7,1,0,4,3,2,1,1,1,0,0,0,4,1,1,0,16,3,4,5,1,4,0,0,1,1,1,0,1,1,14,0,0,8,0,1,1,9,2,1,1,0,2,2,51,0,1,1,0,2,2,0,2,0,6,0,4,0,1,0,0,7,2,26,1,0,49,3,1,0,15,1,4,5,0,5,1,0,3,2,2,1,0,7,0,4,1,0,1,1,6
0,0,0,9,0,3,2,0,3,40,0,3,0,1,14,1,4,0,0,1,1,1,135,2,0,5,4,6,14,1,1,2,0,3,3,1,2,0,2,3,9,3,3,0,0,0,2,0,11,1,0,3,2,5,0,12,0,0,1,1,4,3,0,3,2,0,0,0,8,0,0,1,1,0,1,1,4,2,1,1,1,0,1,2,0,3,5,4,1,1,0,2,2,0,0,0,1,2,1,3,0,4,0,5,0,4,1,0,0,0,10,4,4,0,1,6,2,0,0,0,6,0,6,4,6,0,0,9,0,9,1,19,0,0,8,5,8,0,70,1,0,0,2,3,16,0,2,0,19,4,3,4,0,4,1,3,1,24,0,0,64,0,1,1,4,4,4,0,0,1,1,0,2,1,1,0,0,4,2,2,1,2,1,1,3
9,0,0,0,7,0,1,1,1,1,6,0,7,3,0,6,0,5,2,3,0,3,3,28,1,2,6,0,20,0,0,45,0,1,8,0,0,2,0,24,3,31,2,7,0,1,1,2,3,3,12,5,4,1,0,20,1,1,0,2,0,1,2,1,5,2,0,1,0,2,3,1,1,7,0,0,5,4,2,1,3,0,2,1,1,1,6,2,0,1,1,5,10,2,0,0,0,10,6,4,0,2,1,8,0,13,0,14,1,0,33,14,17,10,0,14,3,5,4,0,7,2,4,6,12,13,0,23,3,3,1,27,2,2,20,2,2,0,219,1,2,2,0,6,33,13,5,0,8,3,1,2,11,3,4,6,0,37,1,1,216,2,1,0,1,14,30,0,3,9,3,0,1,1,0,1,3,1,1,4,0,2,7,0,0
0,0,0,0,0,2,3,0,1,0,11,0,1,0,8,0,0,0,0,0,0,0,8,0,6,0,1,2,2,0,0,0,0,2,0,0,0,0,5,1,9,0,3,51,0,0,0,0,8,1,16,0,1,0,0,0,0,0,0,0,0,4,42,2,0,0,0,0,0,1,0,7,1,3,1,0,0,0,0,7,0,0,3,0,0,0,36,80,1,0,0,1,1,0,0,1,0,1,1,0,0,0,0,0,0,0,48,3,0,0,0,0,0,0,0,0,0,0,7,0,0,4,0,0,1,13,0,1,2,0,0,0,0,2,0,0,106,0,5,6,0,0,0,0,0,3,1,0,75,0,1,0,0,0,0,240,0,0,1,0,10,0,1,0,16,0,0,0,0,0,0,0,0,1,0,6,0,0,0,0,0,0,2,0,5
3,1,3,0,8,6,0,1,4,1,3,0,0,1,1,1,7,3,6,0,1,1,4,3,2,0,16,2,5,3,0,8,3,0,10,8,0,6,1,2,5,6,6,24,2,0,3,1,9,4,20,0,2,3,2,43,2,0,1,1,2,2,1,9,1,9,0,0,3,2,1,4,1,7,2,2,15,3,0,2,2,0,0,6,1,0,1,1,2,1,2,3,4,0,1,1,0,7,2,0,6,4,2,1,7,4,0,7,1,9,35,9,10,3,1,14,1,3,11,2,12,1,18,8,10,6,0,17,5,2,1,26,4,2,4,3,0,2,112,0,2,18,1,17,11,11,3,0,14,0,0,3,0,7,0,2,5,39,3,0,138,0,1,6,5,3,7,10,3,11,5,5,10,1,1,4,4,4,0,9,4,5,2,0,7
0,0,0,0,0,0,0,0,19,0,0,0,1,5,3,0,0,2,0,0,1,0,0,0,2,0,4,0,0,0,0,0,0,0,3,0,0,0,0,2,4,4,19,9,3,5,0,0,1,2,7,1,0,0,0,0,0,0,0,0,0,11,1,1,1,8,0,0,0,2,0,4,5,0,0,0,0,0,1,11,0,0,2,5,0,3,7,4,5,3,2,5,2,0,0,4,0,3,29,7,19,6,0,1,1,9,17,49,0,3,36,6,15,17,0,18,14,3,0,5,15,18,22,1,0,11,2,35,5,2,7,11,4,1,6,2,3,1,126,26,4,1,7,6,10,13,1,1,11,4,2,1,0,0,0,14,1,42,8,8,89,0,66,0,0,1,2,0,0,2,0,0,0,0,0,2,1,0,1,0,0,0,0,0,1
0,0,0,0,0,5,1,9,1,7,0,0,0,1,0,0,1,0,0,0,3,0,1,0,25,8,5,1,2,0,0,0,1,2,0,0,2,0,2,9,0,1,0,15,1,0,2,0,6,1,9,1,2,1,0,0,1,0,0,5,0,0,1,0,4,0,2,1,0,3,1,2,1,17,1,1,1,0,1,0,1,0,0,1,0,0,0,0,1,2,0,2,0,1,12,0,0,2,11,2,0,1,0,0,0,1,1,1,0,2,13,1,3,0,0,12,7,0,5,1,5,0,8,0,3,0,1,11,0,1,0,4,1,0,1,1,2,2,42,0,0,0,0,4,3,0,3,0,8,1,1,0,0,0,2,1,0,14,0,0,31,3,0,0,7,0,3,0,0,2,0,0,1,0,1,3,15,1,1,0,0,1,1,0,3
0,0,0,0,0,0,0,0,2,0,1,0,4,0,0,0,8,0,1,0,3,2,13,1,0,0,12,1,1,0,0,3,0,1,1,0,0,0,2,0,5,8,0,135,0,0,1,0,3,0,21,1,0,2,0,0,1,0,1,1,1,1,22,0,0,1,0,1,0,0,0,20,0,0,1,0,2,0,0,0,0,0,0,7,0,0,0,1,0,0,1,1,1,1,0,1,1,2,0,0,0,0,0,0,0,2,16,11,0,0,1,3,1,0,0,1,2,0,3,0,1,2,1,0,4,0,0,6,0,0,1,0,0,0,0,0,5,1,8,1,0,0,0,0,1,1,1,0,3,0,2,3,2,0,2,26,0,3,0,0,10,3,1,0,13,0,1,1,0,0,0,1,3,0,0,13,0,1,0,0,1,0,1,0,1
0,1,0,0,1,0,0,1,6,0,0,1,0,1,0,1,0,16,6,6,0,2,5,1,0,12,34,4,11,0,0,0,2,0,8,0,1,0,2,2,4,1,2,25,17,0,10,0,0,3,10,18,1,2,5,10,1,19,0,1,0,0,0,0,1,23,7,3,0,7,2,6,1,13,0,0,0,4,28,4,2,0,0,8,0,5,0,1,6,22,0,6,1,0,0,2,0,1,0,19,14,3,4,9,33,23,0,71,1,3,78,4,16,33,3,4,3,9,5,7,8,24,18,18,0,5,7,10,14,211,2,191,4,7,30,4,0,4,80,1,0,2,8,2,13,7,7,2,7,2,1,3,1,0,1,0,5,11,4,37,43,0,0,17,0,7,6,3,2,6,4,1,0,0,0,9,4,1,4,11,0,7,0,0,0
1,1,2,3,1,1,0,0,5,11,2,0,0,1,1,2,3,0,1,1,3,2,8,0,0,4,0,1,6,0,0,2,0,1,1,2,0,1,3,2,4,8,5,0,4,0,1,0,6,1,0,4,0,1,2,2,1,1,1,2,0,9,0,2,0,6,1,0,4,0,0,0,4,0,0,0,0,2,1,2,0,0,0,0,0,0,2,12,0,1,1,3,2,0,0,2,0,3,1,3,9,3,0,2,2,6,10,8,0,2,18,5,9,3,1,8,2,2,0,2,12,8,12,2,2,1,3,22,1,1,3,2,0,6,2,1,4,3,49,4,1,1,2,3,7,6,10,0,25,2,0,0,3,0,0,6,1,18,2,3,54,0,22,1,2,0,2,0,0,1,0,0,0,0,0,0,0,0,0,0,0,3,0,1,2
0,2,3,0,3,1,2,0,1,0,14,3,0,3,5,0,1,1,1,0,0,0,0,2,0,0,0,2,2,1,0,3,11,3,8,11,5,2,0,0,1,3,4,0,8,0,0,2,5,5,0,0,1,4,0,0,2,0,0,0,3,0,1,4,0,4,5,3,3,0,8,0,0,0,14,1,1,8,2,0,4,5,0,0,4,2,0,1,0,3,2,1,0,4,0,0,2,2,0,2,7,1,0,0,13,7,0,12,0,2,62,4,1,12,6,1,12,11,0,23,3,2,8,4,3,10,0,7,0,65,3,40,13,2,5,1,0,103,75,0,0,9,0,1,3,1,0,0,0,0,4,12,2,4,0,0,2,19,3,33,76,1,0,0,1,11,9,2,0,0,0,7,7,0,9,0,0,0,4,0,3,0,6,3,15
25,1,0,7,2,1,3,1,1,8,2,3,0,0,4,6,6,5,18,1,0,0,0,2,6,11,7,13,0,3,2,1,2,0,2,1,1,2,0,3,4,3,1,11,1,2,8,1,0,1,0,11,7,22,2,0,0,0,2,0,4,0,4,0,14,10,2,0,0,1,4,3,0,14,1,2,0,0,3,2,1,0,0,10,1,1,0,1,4,1,2,3,0,0,2,0,0,0,0,1,8,1,104,0,53,24,0,0,0,9,60,1,9,0,8,0,7,15,6,0,2,0,6,5,23,2,0,3,0,20,2,116,61,1,9,24,0,14,35,0,7,5,7,0,2,7,1,0,1,1,4,0,1,1,1,26,0,0,1,2,90,2,0,7,0,2,6,0,0,6,0,1,22,8,0,2,5,9,6,0,4,0,3,1,0
0,1,1,0,1,2,3,5,2,0,3,10,0,0,5,4,2,1,0,0,2,1,14,0,12,88,106,2,6,1,4,0,6,6,1,6,0,0,2,3,1,0,2,74,26,3,5,2,5,4,12,22,0,2,12,26,0,74,4,7,7,30,1,0,5,2,0,0,13,0,0,30,1,22,0,0,2,3,1,7,1,2,7,11,2,0,1,6,0,0,0,1,0,1,19,8,0,0,2,0,8,1,0,0,5,2,31,56,2,0,7,0,0,14,2,0,5,1,10,4,0,31,1,0,0,3,17,0,10,4,0,5,2,8,0,0,7,17,19,1,6,1,1,0,3,1,2,0,14,0,3,10,2,1,2,34,0,4,1,22,1,0,7,1,0,14,6,1,2,4,0,1,6,1,0,33,8,2,1,34,3,3,2,1,5
0,2,3,6,1,0,2,1,0,4,6,0,0,0,4,20,1,1,1,3,1,5,9,1,3,39,24,0,45,0,2,0,2,5,4,24,3,4,0,21,0,1,0,20,1,0,10,0,1,2,4,48,1,3,55,27,3,24,5,16,6,6,0,0,6,1,0,0,2,1,1,9,1,5,1,5,4,1,6,0,3,0,22,1,1,2,0,0,0,1,12,1,0,11,0,1,1,0,0,0,3,0,3,0,1,5,1,5,0,0,16,1,1,13,3,2,3,1,6,3,0,3,1,1,4,8,2,4,14,34,1,49,13,4,8,0,2,49,32,2,8,4,0,6,0,11,4,2,6,0,0,1,1,3,8,0,11,17,4,2,4,0,2,11,0,0,4,1,8,58,0,4,1,0,1,6,2,0,0,7,1,9,0,0,2
0,1,1,13,7,0,0,1,1,7,0,0,0,1,0,7,0,0,2,0,0,2,4,0,1,7,17,0,0,1,6,0,0,0,2,2,0,0,1,2,22,0,0,1,10,9,8,0,0,2,2,23,1,3,8,3,0,12,0,4,0,6,0,0,4,0,3,2,0,1,1,1,1,6,0,0,3,0,4,2,1,2,23,0,0,1,0,1,2,2,1,3,0,3,0,2,1,0,3,0,5,0,2,0,1,4,9,5,3,0,12,0,3,6,0,0,1,0,2,0,2,8,1,1,1,4,5,0,0,20,2,37,5,10,16,2,5,5,13,0,4,0,3,0,1,4,6,0,12,0,0,0,0,0,1,39,1,1,0,1,18,2,2,0,0,2,0,1,2,10,0,0,0,0,1,2,1,0,1,13,0,3,0,0,0
1,0,0,0,0,0,0,1,0,0,0,5,0,0,1,0,1,0,0,0,0,0,0,0,0,1,0,0,1,0,0,0,5,7,0,0,0,1,0,0,0,0,0,0,1,0,0,0,7,0,0,0,0,0,0,0,0,0,0,0,3,0,0,1,0,0,0,0,0,0,0,0,0,0,3,1,2,4,4,0,1,0,0,0,1,1,1,0,0,1,0,0,1,0,6,1,0,0,0,2,2,0,4,2,2,1,0,1,0,1,24,2,1,0,1,1,2,1,0,4,4,0,6,3,0,0,1,2,1,28,2,25,5,0,11,3,0,3,26,2,0,0,0,0,4,0,0,1,0,1,2,4,0,0,0,0,0,7,0,0,14,1,2,0,6,0,2,1,0,0,1,0,4,0,0,0,1,0,0,0,1,0,0,0,1
0,0,0,0,0,1,0,13,0,0,4,13,2,0,0,0,0,0,0,0,0,0,38,1,35,46,38,12,5,10,0,1,9,1,0,1,9,1,0,0,2,0,0,16,39,0,0,1,0,1,13,0,14,77,0,0,0,0,3,0,0,0,6,2,0,0,0,12,4,0,0,19,0,25,1,0,1,2,0,0,0,2,0,12,0,0,0,0,0,0,0,0,0,0,0,0,1,0,0,0,28,0,0,0,0,0,0,49,0,0,0,0,0,2,0,0,0,0,9,0,0,54,0,0,26,0,0,0,16,0,0,0,0,0,0,0,0,0,0,0,0,0,0,0,0,3,0,0,0,0,4,5,0,1,0,0,0,0,0,47,0,3,1,0,1,2,0,1,0,0,0,0,5,12,1,15,38,9,0,0,23,0,1,1,7
1,0,0,0,6,0,0,0,1,0,1,0,1,1,0,2,0,1,2,3,2,0,1,0,0,5,12,0,0,0,0,0,3,1,1,5,0,0,0,2,4,0,0,5,1,0,2,1,0,1,2,14,0,0,1,7,0,12,0,8,0,0,0,0,1,1,0,0,1,0,1,1,0,5,0,2,10,0,1,0,0,0,0,1,0,0,0,0,0,6,1,0,0,1,0,0,0,1,0,0,1,1,0,0,0,2,1,11,12,0,6,0,0,1,5,1,10,0,0,4,0,2,6,0,0,0,0,3,3,15,3,0,2,1,0,5,0,10,5,0,0,1,1,0,1,3,1,0,1,0,0,0,0,2,0,1,3,8,0,1,0,0,0,0,0,0,2,5,1,2,0,5,0,0,0,1,6,0,0,3,0,0,0,0,0
1,0,0,0,1,0,0,1,6,0,0,0,0,0,0,0,0,1,0,0,1,0,0,0,1,0,0,1,0,0,0,0,0,3,1,0,1,0,1,1,0,0,1,0,4,0,3,0,1,0,0,7,0,0,0,26,0,52,0,3,0,0,0,0,2,3,0,0,0,2,0,0,5,1,0,2,0,1,0,0,1,0,1,0,6,0,1,1,1,0,6,1,0,9,1,0,0,1,0,4,1,3,0,0,2,0,3,6,1,6,10,1,5,0,7,5,5,2,0,0,3,1,22,0,0,1,1,5,2,9,6,3,5,0,1,3,1,21,24,0,1,1,0,2,2,1,1,0,3,0,0,0,0,0,1,1,15,24,0,1,6,2,0,1,2,2,0,0,0,2,1,0,1,0,0,0,4,1,1,16,0,0,0,0,0
0,3,2,19,1,1,23,0,0,38,23,39,2,0,38,2,1,0,0,1,0,2,16,3,0,4,21,0,13,1,46,3,30,5,3,4,13,8,1,4,8,0,0,7,0,2,6,4,0,6,6,23,1,0,6,3,0,8,11,23,0,0,14,22,1,0,1,3,2,0,0,2,0,0,1,6,1,5,2,2,7,4,0,5,1,2,0,1,0,8,1,0,1,3,19,6,1,1,1,5,0,0,1,0,3,13,0,0,1,2,18,0,0,0,15,1,24,1,3,5,1,0,18,0,0,0,2,4,0,45,3,39,6,0,7,1,0,33,29,0,6,4,1,0,3,0,2,1,7,1,0,16,0,2,1,4,0,9,0,0,17,0,0,2,2,20,11,2,2,4,9,0,11,0,0,11,3,0,0,5,2,0,2,6,13
0,0,6,67,6,0,4,0,0,45,137,1,2,0,3,0,0,0,0,0,0,0,0,3,0,0,0,5,1,2,52,4,9,0,0,0,0,0,0,0,5,0,0,0,74,6,0,5,10,0,0,0,1,12,0,0,2,0,0,0,0,270,1,5,0,0,0,2,1,0,0,0,0,0,3,0,1,12,0,0,0,2,0,0,0,0,18,0,0,0,0,0,0,0,0,1,2,0,9,0,19,0,0,0,0,0,0,366,0,0,0,0,0,8,0,0,0,0,0,0,0,39,0,0,5,2,2,0,32,0,0,0,0,0,0,0,0,0,0,5,6,0,0,0,0,3,0,0,0,0,49,1,2,8,0,12,0,0,0,49,0,7,138,0,0,8,12,17,0,0,14,0,1,2,0,0,0,4,0,0,3,0,7,0,10
0,0,0,3,0,0,0,12,0,0,0,0,0,0,5,1,0,0,0,0,2,1,26,0,23,2,217,0,6,0,6,0,15,0,0,0,0,1,0,8,3,0,0,44,0,10,8,7,1,0,38,42,0,0,2,2,0,6,0,5,0,0,0,2,10,0,1,1,1,0,0,43,0,27,0,0,0,0,0,4,0,0,2,37,0,0,0,0,0,0,0,0,0,0,28,1,3,0,17,0,0,0,0,0,0,0,0,0,5,0,5,0,0,0,0,0,0,0,26,0,0,0,1,0,0,0,0,0,0,2,1,5,0,0,1,0,0,0,1,3,13,0,0,0,0,0,7,0,5,0,0,0,0,0,7,3,0,0,0,0,1,6,1,0,1,0,0,0,0,17,0,0,2,0,0,60,23,0,0,4,0,5,0,0,3
0,0,1,13,0,2,10,0,2,19,74,14,1,0,80,5,5,1,2,7,4,4,7,0,0,7,22,13,0,7,12,0,13,0,7,1,4,51,0,8,25,1,0,5,2,0,10,1,0,1,5,80,5,16,12,0,0,0,31,48,4,0,1,1,12,4,4,0,7,3,1,8,1,3,12,0,9,6,1,0,4,0,3,1,0,2,0,5,0,5,0,2,0,3,0,0,2,1,0,1,7,2,0,0,31,9,1,41,6,5,17,0,0,7,1,1,3,6,1,0,4,9,5,0,10,3,0,5,1,13,2,8,4,6,4,1,3,2,17,0,0,1,4,0,0,4,14,1,0,0,18,8,6,1,6,7,1,4,0,8,4,0,1,7,1,10,3,9,4,21,4,1,17,8,7,7,1,15,1,0,2,2,1,0,4
0,1,24,10,17,6,6,9,0,26,2,0,3,0,25,0,0,3,0,1,0,0,0,0,25,3,0,0,1,0,23,1,5,0,0,0,1,1,2,0,0,2,0,0,3,5,4,2,0,5,0,9,0,1,1,0,1,0,7,2,0,0,2,1,1,2,0,1,18,0,0,0,0,11,0,5,1,0,1,1,1,2,1,0,0,0,0,2,1,0,1,0,0,1,32,3,1,0,1,0,4,2,0,0,1,0,7,6,1,1,1,2,2,0,0,0,3,1,0,1,1,3,6,0,2,0,2,1,2,9,2,5,1,1,0,2,5,2,8,1,1,0,0,0,0,3,2,0,17,0,0,1,2,2,1,1,2,1,0,4,0,1,0,1,0,8,1,4,0,1,0,0,9,0,0,0,36,0,2,0,1,0,0,1,5
6,0,1,1,0,0,1,1,0,0,0,1,0,0,0,3,0,1,1,0,0,0,1,0,9,17,49,0,0,1,0,0,1,1,5,0,0,0,0,1,0,0,1,46,7,1,3,2,0,1,6,4,0,0,0,8,0,2,0,0,0,1,1,0,17,5,0,0,0,3,0,43,0,36,0,4,0,0,0,11,0,0,11,50,3,0,0,2,2,0,3,2,0,0,0,1,1,0,0,2,19,0,18,0,0,19,5,8,0,2,17,1,2,8,9,0,13,14,24,1,1,1,2,2,0,16,0,2,3,0,5,11,56,2,0,0,4,68,15,0,13,8,1,0,0,18,0,1,2,0,0,0,1,0,1,40,6,0,0,2,33,0,1,0,1,0,0,1,0,1,0,0,8,0,0,16,21,0,2,4,0,1,0,1,0
0,4,2,0,63,0,0,0,3,0,0,2,9,1,0,0,3,1,0,0,0,0,0,4,0,0,0,0,0,0,0,10,9,0,1,2,0,0,10,0,0,24,0,0,23,0,0,3,1,17,0,2,0,0,0,0,8,0,17,0,5,2,0,4,0,3,0,0,8,0,0,0,4,0,0,0,0,20,0,3,0,9,12,0,0,0,0,10,0,1,0,0,0,0,0,12,0,0,0,0,34,0,1,1,0,2,8,47,0,1,3,0,0,48,0,0,0,0,0,1,1,43,1,0,0,15,12,0,15,14,1,18,1,2,4,2,16,0,4,1,20,0,0,1,1,17,0,0,53,0,0,34,111,1,0,47,0,0,0,14,7,0,5,0,0,57,79,0,0,1,0,0,16,0,0,0,0,0,0,0,0,0,18,5,2
0,3,2,0,2,0,0,0,9,0,0,0,0,1,0,5,0,0,0,0,0,0,0,1,0,0,0,0,0,0,0,0,0,0,12,0,0,0,3,3,4,1,3,0,2,0,0,0,0,4,0,6,0,0,2,43,0,39,0,1,0,96,0,0,1,2,3,0,0,2,2,0,1,0,0,10,0,0,0,0,8,2,78,0,0,0,79,43,0,0,10,1,0,11,0,1,10,4,0,0,7,0,0,0,0,5,129,3,0,0,5,1,0,15,14,0,3,0,0,1,0,3,0,3,0,9,13,2,34,0,1,0,15,3,0,1,39,106,45,6,20,0,2,2,0,11,0,0,71,1,0,0,1,1,1,236,21,11,11,1,5,0,31,0,0,0,0,1,0,5,0,0,1,0,0,0,0,0,4,12,0,0,0,0,0
0,0,0,11,1,0,0,0,2,36,1,3,0,0,0,0,1,3,0,0,0,0,2,2,0,8,6,0,8,2,13,0,8,0,0,3,5,0,0,0,7,1,1,5,7,6,0,1,18,0,0,0,0,7,0,0,0,0,8,0,0,4,0,2,0,6,0,1,0,1,0,2,0,0,0,1,6,0,6,1,2,0,0,0,0,2,3,0,0,9,0,2,0,0,8,0,0,1,1,3,5,4,0,1,2,4,0,23,0,1,16,0,0,1,3,4,11,1,2,1,0,8,8,2,5,0,6,2,2,44,1,18,1,2,14,4,0,10,12,0,1,2,2,1,5,5,0,0,0,0,5,3,1,2,0,4,5,7,1,2,1,1,2,1,0,4,0,1,0,0,0,0,2,0,1,0,0,3,1,0,0,0,0,0,1
2,10,15,1,7,0,0,2,2,2,0,2,0,0,0,0,2,0,2,0,0,0,0,0,4,0,2,2,9,0,0,1,0,0,0,0,32,0,0,0,1,1,1,2,0,0,0,0,8,24,0,0,0,1,0,3,5,0,1,0,1,0,0,0,3,0,0,1,3,0,0,1,0,1,2,0,0,0,2,1,0,2,0,2,0,0,0,1,0,1,0,1,0,0,1,0,0,0,0,0,1,0,17,0,0,1,0,0,0,0,12,0,7,0,3,0,2,0,0,0,0,0,1,2,1,0,0,2,0,6,1,21,4,0,1,7,0,0,4,1,1,0,1,0,1,0,0,0,3,0,1,0,0,9,0,10,0,0,0,0,29,0,0,0,0,5,4,1,0,0,0,0,6,0,2,1,1,1,0,0,1,0,1,1,0
0,6,23,1,1,8,12,2,7,2,5,10,1,2,0,13,15,6,5,4,2,1,17,4,5,7,46,6,5,1,0,8,11,16,5,5,2,1,2,10,2,7,1,16,0,4,11,2,3,23,3,90,4,52,23,0,4,0,0,19,11,2,0,1,13,1,3,0,24,1,2,9,4,6,0,1,2,1,3,1,1,10,11,11,0,0,2,6,1,4,0,1,0,1,4,22,1,1,1,1,5,2,0,0,17,4,0,0,3,3,9,0,2,0,2,0,2,1,0,0,3,3,0,0,19,3,30,3,0,39,1,60,1,29,4,1,6,8,23,4,8,0,3,1,2,1,3,6,35,0,0,21,3,9,8,2,2,7,1,4,12,1,2,2,19,17,26,3,17,12,0,1,54,10,0,8,4,5,3,0,2,22,7,10,38
1,0,1,0,2,2,4,0,3,2,14,1,0,2,7,4,0,2,6,6,0,3,4,4,2,14,30,4,7,1,2,0,9,0,3,2,5,2,2,2,8,0,1,16,1,3,10,1,6,3,10,31,0,1,9,14,2,10,4,3,0,14,4,0,0,2,3,8,0,3,6,11,0,8,3,3,3,1,6,0,6,2,0,4,3,2,1,0,0,7,3,1,0,6,1,0,0,3,1,7,1,1,2,5,29,17,1,6,3,6,35,2,6,0,9,3,17,4,2,6,4,2,13,8,2,0,3,6,1,90,5,46,9,0,11,1,2,24,56,0,2,3,2,1,3,2,4,23,7,0,1,4,6,1,3,1,4,5,3,1,18,0,3,7,0,24,11,10,3,2,1,0,4,1,1,8,4,1,2,6,16,3,1,2,10
0,0,0,9,0,1,0,2,11,17,0,0,0,1,0,2,5,12,3,0,1,0,9,2,0,40,27,0,1,1,12,3,3,0,8,4,4,2,9,0,16,3,0,19,3,0,1,0,4,0,6,6,2,1,3,34,0,34,1,1,12,11,0,0,0,8,0,1,6,1,1,4,9,0,1,5,1,0,41,7,2,3,76,0,0,4,19,6,16,15,1,2,3,15,0,73,5,3,0,2,24,3,7,5,0,9,71,24,0,1,28,8,7,40,3,0,6,2,3,1,1,1,0,11,1,15,21,12,87,130,0,370,16,17,39,2,23,37,107,26,48,5,11,5,11,32,0,6,189,2,1,1,3,1,1,124,19,19,4,4,55,1,4,0,0,1,15,0,0,10,0,0,8,0,1,8,0,0,5,16,0,0,2,0,1
0,0,0,0,0,0,0,0,4,0,7,5,0,3,0,1,1,3,2,6,1,2,0,0,0,0,0,1,2,0,0,0,3,0,9,14,4,0,1,1,1,0,1,0,4,3,17,0,3,0,0,27,1,1,2,0,0,1,0,1,4,9,1,2,0,23,3,10,1,4,2,0,12,0,0,0,3,1,0,4,4,2,2,0,1,0,0,4,4,9,0,2,2,2,0,8,0,3,6,1,4,1,0,2,329,10,19,67,1,6,81,1,2,9,0,1,6,17,0,9,6,9,8,4,1,4,26,5,3,43,2,36,2,10,5,3,0,24,77,1,4,5,9,0,5,0,2,1,11,1,1,10,0,0,0,33,0,9,2,15,68,2,1,36,1,4,2,3,1,7,26,4,3,0,3,0,0,0,14,3,1,0,0,2,4
6,1,0,22,0,0,0,5,4,7,1,1,1,0,0,2,6,2,4,1,0,0,2,0,3,0,13,0,0,4,16,0,2,6,5,1,12,0,0,1,2,3,1,17,4,0,7,0,15,2,0,21,3,9,0,0,0,0,0,4,2,1,7,3,30,2,2,4,3,0,0,5,2,6,0,1,4,0,4,10,1,0,7,10,2,0,0,9,3,2,1,1,0,0,1,3,2,0,0,2,5,2,57,2,28,26,2,4,3,2,33,2,11,0,3,0,5,17,9,0,1,2,4,11,11,1,1,3,1,12,6,90,14,6,11,18,2,18,32,0,14,14,1,3,1,2,7,1,6,0,1,0,1,0,0,19,4,1,0,1,81,0,4,10,4,7,0,3,0,7,0,1,16,1,2,7,0,1,0,0,1,2,1,3,4
5,2,21,185,5,2,20,0,3,170,140,19,5,6,32,62,17,11,25,5,4,38,0,0,0,106,0,2,17,1,215,2,5,8,8,2,9,76,2,118,15,3,2,0,5,0,43,0,0,38,0,49,3,4,127,0,4,10,34,5,26,0,1,4,58,5,2,3,1,2,2,0,7,0,0,8,4,6,9,24,3,6,35,0,19,4,2,2,9,7,12,2,9,25,0,69,4,14,0,1,88,1,10,2,17,12,2,8,0,4,57,2,10,90,13,5,22,7,0,5,3,4,4,9,5,33,11,10,42,181,11,312,63,31,55,10,5,147,186,6,54,5,4,1,9,31,30,1,49,1,0,44,3,6,38,14,13,47,3,8,158,1,1,6,8,29,29,1,5,79,1,0,22,1,2,0,0,0,6,8,1,23,3,5,20
0,0,0,159,0,1,11,24,0,97,87,0,0,0,17,18,0,0,0,0,2,4,0,0,15,9,5,0,9,0,155,0,386,0,0,5,8,5,0,20,20,0,0,3,0,0,9,48,0,0,3,7,0,0,17,0,0,2,0,2,0,0,3,142,10,0,0,1,0,1,0,0,0,47,4,1,4,0,0,0,0,0,0,0,0,0,1,0,0,0,2,0,0,1,54,0,2,0,0,0,2,0,0,0,0,0,0,0,0,0,1,0,0,1,4,0,2,0,2,0,0,0,0,0,0,0,0,0,0,0,0,0,3,0,1,0,0,31,14,0,0,0,0,0,0,0,3,0,0,0,1,7,0,0,5,2,1,4,0,0,8,5,0,0,2,4,0,2,0,12,5,1,1,0,0,2,13,0,0,1,1,7,0,1,6
0,2,5,71,7,3,0,7,1,157,0,1,0,0,10,2,0,0,2,2,3,2,17,1,0,10,70,0,40,0,11,0,3,5,0,21,1,11,1,3,1,3,0,13,0,0,10,1,0,3,1,10,0,0,5,0,0,0,2,8,0,0,5,6,7,0,0,0,1,7,0,17,0,9,4,1,8,1,0,0,2,3,0,5,0,0,0,0,1,0,0,1,0,0,1,1,1,0,5,0,0,2,0,0,10,1,1,0,4,1,1,0,0,0,0,4,1,0,54,0,2,0,4,0,0,0,1,3,0,1,3,0,3,0,0,4,0,2,2,0,0,2,0,3,2,0,3,0,6,0,2,1,1,6,6,2,0,1,0,0,1,1,0,0,2,17,0,5,3,2,4,2,2,0,0,18,2,0,1,0,0,0,0,1,11
3,0,0,0,0,0,3,0,5,0,0,1,0,0,0,1,1,11,5,0,0,0,0,0,0,4,0,2,0,0,0,0,1,2,12,6,2,0,1,0,1,1,1,0,10,0,0,1,5,2,0,0,3,8,1,50,0,14,1,0,0,4,1,0,1,8,8,0,0,7,3,0,1,0,1,5,0,0,2,12,4,0,7,0,1,9,0,1,3,45,1,4,0,1,0,1,0,1,0,6,5,1,47,2,38,50,29,0,0,2,107,1,7,0,10,1,9,64,0,1,2,0,9,14,12,0,2,1,1,71,0,79,48,6,19,17,1,6,11,0,9,5,10,0,0,3,1,8,11,0,0,0,0,0,0,22,3,0,2,0,59,0,0,13,0,0,0,0,0,3,0,3,1,1,1,0,0,6,12,15,1,0,1,0,0
1,1,0,3,0,0,9,4,2,6,11,1,0,0,43,3,3,0,4,1,1,1,0,1,8,9,0,4,5,4,10,1,3,0,2,5,8,0,1,0,3,0,2,0,1,0,3,4,2,3,0,9,4,2,0,108,0,33,2,0,0,0,6,0,2,3,1,6,8,4,1,0,0,14,1,0,9,1,0,2,2,0,1,0,0,1,0,1,1,3,1,4,1,1,1,0,2,0,4,1,1,1,15,1,21,11,5,0,1,2,20,0,2,0,2,2,3,35,0,2,0,0,4,6,25,0,3,0,1,15,0,16,20,3,3,3,1,6,8,0,4,1,1,1,1,2,2,3,8,1,4,0,0,1,0,10,0,4,0,2,16,1,2,10,0,0,1,6,0,8,1,1,7,2,0,0,7,4,1,17,1,1,1,0,0
1,0,0,0,0,4,2,0,8,0,2,2,0,0,1,13,1,4,8,7,4,1,0,0,0,0,0,12,0,18,0,0,9,8,6,6,4,3,4,3,2,0,5,0,0,0,6,4,6,5,0,32,7,41,1,0,0,0,0,2,0,3,8,3,26,7,8,3,3,6,4,0,0,0,1,0,13,15,0,101,0,1,22,0,0,5,0,19,18,20,0,3,0,0,0,5,0,0,4,0,0,1,32,3,15,25,17,0,6,3,52,2,17,0,15,1,3,67,0,3,2,0,7,10,97,0,44,0,0,33,1,57,39,12,9,18,13,1,11,0,58,1,7,0,2,0,10,2,113,0,6,0,0,0,3,31,1,2,2,0,70,2,0,6,3,3,0,4,1,53,2,5,17,21,0,0,0,38,10,0,11,12,0,1,13
4,2,9,21,1,0,27,8,4,6,36,7,2,2,231,6,26,0,7,1,0,5,36,2,1,31,136,0,55,0,8,4,3,14,11,7,14,1,2,29,24,10,4,165,0,11,0,1,3,14,52,8,0,3,36,64,1,75,6,1,23,27,1,2,6,4,2,11,7,1,2,15,3,50,15,11,4,85,19,7,6,2,11,9,2,1,0,0,10,12,12,4,3,18,0,38,5,20,29,5,20,2,4,0,1,8,0,0,0,9,69,3,24,19,7,5,11,13,3,0,16,0,7,10,1,6,4,3,8,105,14,574,118,2,33,38,0,431,162,10,18,1,7,0,10,5,2,2,22,11,11,5,0,4,10,6,22,27,28,3,352,8,3,3,6,9,25,8,2,10,3,0,70,0,0,35,11,0,0,28,0,7,9,2,24
1,24,106,0,29,11,0,0,63,0,0,9,13,7,0,0,7,30,0,0,0,0,0,4,0,0,0,24,36,17,0,1,107,58,58,60,25,25,3,0,39,4,6,0,0,118,0,24,16,173,0,0,47,152,0,0,7,0,0,0,3,18,1,30,0,17,15,53,6,17,0,0,35,0,88,1,26,17,76,21,10,16,81,0,1,9,4,32,66,46,2,13,13,11,0,233,7,43,123,17,0,7,18,9,108,93,16,0,0,22,201,12,44,0,6,11,8,36,0,3,34,0,32,45,55,0,28,8,0,617,4,1764,38,4,166,58,14,39,347,43,63,4,17,5,62,0,0,10,180,17,10,16,10,27,0,106,17,39,37,0,630,21,4,65,25,115,48,28,0,0,17,5,59,29,25,0,0,81,14,0,4,0,7,2,332
1,2,3,2,1,10,51,0,2,0,78,36,4,0,2,63,89,0,7,6,4,40,6,1,1,2,59,11,0,15,1,6,215,3,1,27,12,29,0,280,42,12,1,11,0,63,83,58,12,31,17,236,53,72,195,54,0,30,29,69,37,0,95,68,109,0,0,505,8,1,0,10,0,27,91,3,35,0,7,4,2,11,10,3,3,3,0,1,0,3,0,5,1,0,10,8,15,5,49,6,3,0,7,3,2,14,2,2,25,0,33,2,13,8,5,5,6,5,1,2,8,0,11,14,69,1,7,1,0,133,2,279,5,0,29,10,0,15,79,5,5,1,0,1,13,0,23,0,5,2,37,40,7,4,36,2,9,8,0,2,147,57,0,0,3,59,74,209,12,82,105,2,61,18,3,5,7,40,1,21,48,29,17,25,152
1,2,1,0,0,2,1,5,2,0,6,14,0,1,5,0,16,8,1,0,0,0,7,1,5,6,52,2,14,0,0,0,0,0,9,22,0,5,0,0,6,7,1,36,3,1,0,0,21,13,10,0,2,0,0,233,1,181,0,0,11,23,0,0,0,3,3,1,51,7,2,4,0,25,3,0,3,1,15,0,3,0,16,4,1,5,5,0,0,12,0,4,3,0,19,3,0,7,61,11,25,2,6,6,33,20,8,17,0,5,54,0,10,49,2,2,5,12,2,0,19,1,20,14,0,18,3,2,10,146,4,335,12,11,25,21,1,4,97,1,21,2,2,0,18,14,0,3,0,4,2,6,4,0,0,8,1,12,6,9,105,0,5,18,0,9,21,1,0,0,6,4,25,1,14,13,12,1,3,132,0,0,2,1,24
2,33,12,0,7,0,91,14,0,0,8,1,5,1,30,3,1,0,1,1,2,6,25,11,27,15,63,8,25,2,0,18,9,11,6,3,9,0,3,15,3,30,1,48,3,14,31,1,0,35,18,58,9,8,32,0,3,0,0,7,0,2,2,8,5,1,1,0,0,3,1,19,0,17,1,2,3,2,8,13,8,2,6,12,9,5,1,6,0,20,0,6,5,9,17,14,1,10,12,5,2,2,3,6,56,23,3,1,11,2,53,4,10,1,3,8,7,8,7,3,13,1,8,8,6,1,9,16,0,74,1,38,16,2,6,1,3,12,157,2,6,9,2,1,15,0,8,6,35,5,0,66,30,7,2,17,8,33,0,2,223,1,3,17,12,37,84,0,5,11,0,4,12,4,0,24,14,5,2,2,0,6,20,0,1
1,170,402,0,28,0,0,0,0,0,0,0,24,0,0,3,0,0,0,1,0,6,0,14,0,0,0,0,0,0,0,9,4,0,2,0,0,0,0,16,0,19,1,0,2,10,3,0,0,399,1,6,0,0,25,0,26,0,1,0,0,0,0,9,7,1,1,0,0,2,0,0,0,0,0,5,0,0,0,3,2,9,9,0,4,0,10,1,0,0,8,0,1,5,0,8,9,1,21,0,19,0,4,0,0,4,0,6,2,0,8,0,2,23,5,1,0,2,0,0,1,4,3,0,0,17,1,2,37,2,3,0,15,9,0,0,4,133,56,3,3,0,0,0,1,21,4,0,15,0,0,90,29,86,3,5,4,5,0,1,81,22,2,0,0,78,211,3,0,23,0,0,18,0,0,0,0,0,0,0,0,26,31,3,0
0,11,20,2,9,0,9,5,0,0,9,7,3,0,38,41,77,0,2,2,3,8,8,12,5,54,43,0,45,0,0,26,17,12,2,4,3,1,5,50,1,37,1,22,0,52,7,3,10,36,32,12,1,1,15,2,1,2,58,4,129,6,4,4,17,0,0,0,5,0,0,25,0,39,2,1,0,10,0,11,0,4,11,4,0,0,6,9,2,0,1,1,0,1,16,26,0,1,35,0,1,0,14,1,1,2,2,0,0,0,3,0,4,0,1,2,1,1,44,0,3,0,5,3,0,0,2,1,0,13,1,86,1,0,16,2,7,13,23,13,36,1,0,1,6,0,5,0,36,2,84,41,21,5,16,38,2,9,1,0,78,0,11,7,0,40,111,2,1,131,0,0,59,1,0,13,11,3,5,1,1,18,26,3,13
1,2,1,0,0,7,3,19,0,0,9,2,1,0,43,1,24,0,4,0,1,0,45,0,23,62,57,14,44,9,0,3,5,32,1,11,15,0,1,2,5,7,0,86,1,1,1,1,0,9,19,4,12,27,9,0,0,1,0,0,9,4,0,2,3,1,1,0,20,1,0,15,0,63,5,0,5,0,3,6,4,5,2,7,3,0,2,1,2,2,1,4,0,2,3,0,0,3,2,3,4,2,1,2,0,10,0,20,0,0,30,1,6,22,2,3,7,4,20,1,10,4,8,10,24,5,2,13,8,10,7,15,7,3,7,1,1,31,100,5,3,0,1,2,5,5,0,4,3,7,1,9,1,3,1,8,11,16,0,1,140,10,7,2,31,20,5,6,1,4,4,1,31,9,1,24,15,10,0,2,0,0,2,1,86
25,0,0,0,0,0,0,0,25,0,0,0,0,14,0,0,0,1,0,0,0,0,0,0,0,0,0,0,0,0,0,0,7,0,92,0,0,0,1,0,0,0,15,0,15,0,0,1,0,0,0,0,0,0,0,0,0,0,0,0,0,1,0,1,0,54,7,0,0,5,1,0,35,0,0,112,0,0,4,1,42,0,40,0,134,3,5,73,4,3,93,10,14,194,0,2,0,27,0,12,249,1,6,1,2,77,24,250,0,7,91,2,27,114,120,2,99,59,0,49,23,23,45,24,0,21,6,34,59,26,36,36,514,9,10,9,20,1652,408,1,13,83,17,6,33,32,0,10,66,7,0,0,0,0,0,104,144,151,5,19,582,0,1,2,0,0,0,0,0,0,0,0,0,0,0,0,0,0,22,0,0,0,0,0,0
5,19,28,3,12,0,15,21,1,0,13,2,5,1,19,22,0,1,19,7,4,25,26,1,29,69,163,6,17,10,1,1,9,2,2,3,12,10,0,116,7,10,0,95,1,63,33,0,13,53,45,153,17,66,195,0,2,0,16,16,0,0,5,1,28,2,0,4,8,0,2,32,0,23,11,0,2,13,43,1,4,4,1,21,0,6,0,0,0,37,0,10,3,1,2,0,1,9,121,12,2,1,26,7,1,68,0,1,18,2,117,3,27,9,5,7,9,14,8,4,15,0,28,36,25,2,0,5,0,530,3,1306,9,0,157,42,1,6,88,1,0,7,3,1,13,0,15,16,0,6,5,10,11,5,26,5,15,17,0,0,228,0,0,2,0,27,85,6,10,39,0,4,12,12,1,39,12,26,1,0,1,25,13,0,8
1,2,3,0,1,6,10,4,1,1,3,10,2,1,2,3,24,0,5,0,0,1,9,1,8,34,53,21,18,12,0,5,5,2,1,36,1,4,2,5,6,19,1,24,0,10,0,0,2,8,14,2,34,94,0,2,1,3,2,0,9,5,8,4,5,0,0,3,7,0,0,14,0,4,7,0,8,9,0,1,1,6,1,4,1,0,1,1,0,0,0,1,1,1,0,4,0,0,8,2,1,0,0,0,0,2,3,2,0,0,10,0,1,1,1,0,4,2,18,0,3,0,8,1,51,1,1,1,0,1,1,5,2,1,0,1,1,5,18,1,3,2,0,2,1,0,1,0,9,1,24,8,4,9,2,15,1,8,1,0,18,0,3,1,4,20,36,34,0,2,4,9,38,10,20,16,0,30,0,2,0,0,12,3,61
12,0,0,21,0,0,0,0,12,19,0,1,0,5,0,0,5,4,9,1,0,0,0,0,0,0,0,0,0,0,20,1,0,0,5,0,0,0,5,0,5,0,5,0,1,29,0,0,0,1,0,0,0,0,0,43,0,25,0,0,9,1,0,0,0,4,6,0,1,3,9,0,4,0,0,1,2,1,5,4,0,0,15,0,1,2,21,14,5,0,0,2,4,9,0,47,1,2,25,4,20,3,168,6,74,28,3,4,0,4,48,5,17,6,5,1,8,16,0,0,23,4,21,19,0,1,0,13,40,109,5,556,19,4,67,16,3,35,174,5,19,5,6,8,34,18,0,9,58,6,0,2,2,0,0,34,13,27,4,3,313,9,0,311,0,2,3,0,0,0,0,0,7,0,0,0,0,0,4,22,0,0,0,1,2
0,0,0,2,2,11,0,0,5,1,0,2,0,1,0,7,20,2,3,4,1,0,0,0,0,0,0,0,0,0,0,0,32,0,1,0,0,0,0,9,47,1,2,0,0,1,5,8,0,4,0,8,0,0,1,0,0,0,0,2,2,1,0,16,11,6,0,7,5,7,0,0,1,0,0,4,0,3,5,1,11,1,1,0,5,4,0,2,0,7,2,5,5,9,0,5,1,3,13,9,26,4,5,5,16,32,1,7,2,6,58,4,12,13,0,8,4,13,0,0,31,6,22,15,0,5,1,37,8,8,12,40,15,4,5,11,4,22,246,0,0,3,4,1,17,3,5,4,7,18,0,2,0,0,0,5,12,35,0,2,288,27,2,8,0,8,0,1,0,7,0,0,11,0,0,0,0,0,2,0,3,5,0,0,59
1,13,31,30,2,2,196,2,0,14,12,7,3,0,47,6,59,0,1,0,0,1,2,2,4,1,27,4,19,5,18,3,16,15,0,8,0,13,0,5,2,2,0,17,0,0,6,7,0,27,19,1,18,45,1,2,3,3,19,2,111,1,0,9,7,0,0,2,2,0,0,21,0,5,9,1,3,3,0,0,3,1,1,0,4,1,1,0,0,0,1,0,0,8,39,1,1,0,0,2,1,1,12,0,0,3,0,1,0,0,5,0,2,0,0,0,3,2,27,0,1,1,5,2,18,5,0,6,1,3,2,26,21,0,2,1,0,61,19,0,0,0,0,1,1,1,1,0,5,3,6,6,4,8,5,2,4,7,0,0,55,3,0,4,14,13,7,8,1,29,3,0,59,3,0,20,0,22,0,0,0,2,9,7,10
2,5,14,48,1,2,7,16,0,11,7,0,2,1,214,25,2,0,4,6,14,23,0,1,3,56,1,2,12,2,23,5,1,0,1,0,0,0,3,69,78,9,1,0,1,83,22,1,0,13,0,36,6,24,83,98,3,54,11,11,6,0,0,1,46,0,0,9,1,0,0,0,0,75,11,4,0,2,0,1,1,0,0,0,2,0,0,0,0,0,5,1,0,8,27,5,9,1,38,0,5,0,9,1,1,6,1,1,8,0,9,0,6,14,4,0,5,3,0,1,1,1,6,4,8,3,0,1,30,4,2,14,26,0,4,0,0,175,37,1,11,4,0,0,0,8,28,0,5,0,5,7,3,1,30,3,7,10,2,1,51,0,0,5,0,16,14,0,2,124,9,0,3,1,0,0,18,0,0,39,2,203,2,1,19
3,2,5,0,2,0,10,13,32,0,2,1,0,8,0,19,0,10,8,10,5,7,0,0,40,4,0,1,0,0,0,1,0,23,16,9,0,3,5,39,8,1,14,0,0,0,15,0,20,14,0,23,1,0,27,33,1,32,1,5,0,2,8,0,28,3,3,0,0,3,1,0,4,25,0,2,2,1,3,16,9,2,31,0,1,0,3,38,5,2,3,5,6,2,0,10,3,6,0,7,16,4,1,7,23,17,52,4,5,8,36,2,6,5,3,6,8,2,0,1,27,8,24,8,0,0,2,24,1,10,13,45,6,24,7,6,39,18,150,8,9,3,7,8,19,6,15,6,35,14,0,4,0,1,6,211,24,21,3,0,266,0,5,16,49,2,4,2,5,23,0,1,3,0,1,0,13,0,10,29,3,16,1,0,10
0,0,0,106,0,0,0,19,7,62,0,1,0,2,0,643,0,14,15,9,84,60,17,0,15,0,103,102,64,151,28,0,5,0,5,0,0,0,5,615,76,0,0,65,25,540,197,0,0,0,21,402,341,1273,149,0,0,0,0,104,0,6,0,2,725,5,1,9,0,0,2,17,0,312,6,0,21,6,7,32,0,0,233,6,0,2,16,57,2,8,0,3,0,2,0,35,29,0,155,2,500,5,6,1,1,12,114,53,45,2,27,2,12,491,0,5,2,4,9,0,13,12,16,0,429,153,19,2,257,36,7,113,6,424,14,12,54,3,18,11,199,0,5,2,10,158,168,14,21,6,45,0,0,0,131,351,2,0,0,35,19,49,26,2,0,0,0,2,22,475,2,0,0,266,5,30,49,338,7,0,1,181,0,0,0
0,2,3,1,6,1,2,24,0,1,4,4,0,2,59,19,10,2,10,6,9,8,5,0,10,34,19,4,15,1,0,0,3,2,4,4,15,9,4,19,5,4,0,4,2,3,23,4,17,10,2,38,3,6,23,36,1,25,15,4,5,5,11,5,40,1,0,3,18,1,2,11,1,49,3,4,20,2,11,1,1,5,7,2,2,2,1,1,5,4,1,7,1,7,3,1,1,3,1,9,11,3,2,5,0,11,1,14,6,4,33,2,7,7,3,10,4,6,5,2,30,3,30,8,12,3,0,12,6,24,20,57,15,5,21,4,0,23,51,1,3,4,3,3,19,5,35,2,5,7,8,3,3,0,2,21,13,34,2,1,91,9,3,3,4,7,2,17,0,25,2,1,34,1,2,14,12,0,2,26,1,13,3,3,23
0,0,0,55,0,0,19,8,1,47,6,1,0,0,341,6,2,0,1,0,1,1,7,0,8,1,28,5,2,7,38,0,2,0,0,0,2,0,1,3,5,0,0,13,1,0,2,2,0,1,6,10,11,52,3,6,0,11,0,1,0,0,59,1,10,0,0,8,0,2,0,6,1,5,6,1,0,2,3,3,1,0,0,3,2,0,0,0,0,1,0,0,0,3,10,1,5,0,2,0,3,0,0,1,3,3,1,0,2,0,7,0,3,4,0,1,1,3,1,0,4,1,11,2,18,4,0,4,2,10,3,12,3,1,3,1,1,6,18,1,0,0,1,0,4,4,5,1,3,3,1,0,0,0,0,9,3,12,0,1,12,0,0,1,0,2,0,1,0,3,0,0,2,8,0,4,2,7,2,14,0,3,0,0,1
5,5,4,0,1,0,0,0,23,0,0,0,1,7,7,9,0,3,11,5,2,12,0,0,0,0,0,5,2,9,0,0,74,14,53,19,1,0,6,64,345,0,8,0,49,29,7,7,12,9,0,24,14,36,51,315,0,216,1,8,0,3,4,29,20,37,8,0,0,1,1,0,9,0,1,46,14,0,1,11,19,0,124,0,6,1,32,49,7,1,55,12,4,52,0,82,4,46,11,4,318,6,4,1,2,35,66,73,2,3,92,1,29,40,47,5,24,33,0,2,30,2,25,22,27,11,9,11,165,4,61,0,139,38,1,3,16,1272,265,16,91,3,8,5,14,123,6,4,60,1,0,0,0,4,5,493,116,43,17,6,382,37,18,1,11,1,2,0,1,17,10,2,2,8,20,0,0,22,18,111,0,10,0,0,0
6,5,2,2,0,0,4,1,3,0,8,0,2,0,34,28,14,0,6,0,3,3,3,0,3,16,14,3,59,1,1,0,3,6,4,62,40,2,3,42,4,3,0,10,0,0,9,0,10,12,1,18,7,17,5,51,1,53,1,1,1,0,1,4,37,3,9,3,35,0,2,1,2,4,2,11,24,7,0,6,3,4,65,0,7,0,0,8,0,1,13,2,6,18,33,63,1,24,13,1,7,3,1,2,87,11,13,14,2,4,22,3,17,3,8,2,12,12,2,0,16,0,1,10,9,1,1,4,0,8,10,4,65,9,4,0,6,157,89,13,23,0,0,3,4,2,0,8,34,3,34,0,0,3,3,140,30,19,1,0,124,1,1,214,11,2,6,7,0,8,22,1,3,0,2,1,0,3,4,30,0,1,4,2,27
0,1,4,5,0,1,0,2,12,5,2,0,0,1,2,0,2,0,2,0,0,0,1,2,0,17,20,0,50,0,4,0,0,1,8,3,21,8,2,0,1,1,0,17,0,98,0,0,2,3,11,6,0,2,0,0,0,0,62,0,1,1,13,1,0,1,0,0,3,0,3,5,6,1,1,1,4,14,2,3,0,2,8,5,0,0,2,2,13,0,0,1,2,3,11,66,0,1,52,1,1,0,2,1,5,6,4,3,0,2,13,1,5,3,2,1,1,0,3,1,2,0,0,2,2,1,21,0,1,28,1,149,4,1,8,7,5,10,46,10,13,0,2,0,2,2,0,21,45,2,3,0,1,2,0,7,1,3,8,0,61,2,1,4,1,3,5,1,0,2,1,0,11,0,0,4,0,0,2,0,2,0,0,1,12
0,8,65,0,6,2,42,1,1,2,29,2,1,1,6,26,12,0,4,6,0,6,0,8,0,11,0,14,96,1,1,18,14,0,6,159,4,25,0,17,9,16,2,0,3,72,13,0,32,50,0,150,26,86,65,26,18,22,122,118,44,15,1,1,0,0,1,12,31,2,1,0,1,81,10,6,30,3,0,2,9,10,2,0,2,1,10,9,3,0,3,0,0,7,2,6,0,3,35,3,19,1,0,1,0,3,15,30,5,0,12,0,6,3,4,2,1,7,0,1,2,7,1,9,14,0,4,2,19,0,2,0,50,4,0,0,3,124,67,9,50,3,3,6,11,22,8,0,21,1,14,25,5,15,14,18,2,7,4,4,46,0,23,0,1,14,111,0,21,99,25,7,103,7,3,0,9,13,0,4,0,31,13,3,11
0,0,1,20,0,0,4,2,0,12,296,8,0,0,22,0,1,4,2,0,0,5,0,0,5,0,2,18,0,6,14,0,9,1,1,26,24,0,0,3,26,1,0,2,0,12,1,0,0,2,2,7,63,249,5,6,0,2,15,1,2,1,6,1,0,2,0,2,3,0,1,2,1,3,97,0,4,37,2,3,0,2,0,0,0,0,0,1,1,9,0,1,0,0,0,3,18,0,6,0,10,0,0,0,5,1,1,12,0,0,5,0,0,0,0,1,1,1,0,1,0,3,3,1,83,0,1,0,7,20,1,12,0,4,0,0,0,0,6,1,4,0,1,0,1,0,1,0,4,0,34,9,3,0,3,5,0,0,0,1,7,0,0,2,3,3,3,1,5,4,3,4,18,18,1,0,0,33,1,2,11,14,0,6,0
2,9,26,0,20,5,109,2,0,0,154,7,16,0,59,0,16,1,0,0,0,0,7,2,0,9,38,0,4,2,0,12,1,10,2,33,26,4,0,0,3,11,1,24,0,0,0,0,11,42,16,0,8,2,0,2,10,3,9,0,26,3,29,0,0,0,1,0,36,4,0,11,0,10,13,5,17,0,1,1,1,28,2,2,3,2,0,0,2,3,1,2,0,0,18,3,0,1,0,3,0,0,0,4,6,6,0,0,0,3,18,1,3,0,3,0,1,10,3,1,1,0,11,2,2,0,0,3,0,9,3,16,9,0,1,2,0,40,22,3,13,0,0,0,3,0,0,0,4,0,21,6,6,5,0,3,6,4,0,0,21,3,5,2,11,45,72,0,0,0,11,7,112,0,5,8,6,0,0,8,3,0,18,68,48
0,0,0,33,1,0,30,1,0,38,7,7,1,0,0,2,0,1,2,3,0,1,0,0,1,9,1,25,0,17,42,0,1,0,0,14,6,1,0,5,0,0,0,1,0,3,4,0,7,0,3,73,29,167,9,0,1,0,0,6,3,0,0,0,3,1,0,3,1,0,0,0,0,1,5,0,12,6,0,0,0,0,1,0,0,0,0,1,0,6,0,1,0,0,0,0,0,0,2,0,0,0,0,0,2,0,2,5,4,0,4,0,0,0,0,0,0,1,0,0,0,2,0,1,42,0,0,0,0,12,0,10,0,7,0,0,1,0,0,0,1,0,0,0,1,0,2,0,2,0,2,5,0,1,4,1,0,0,0,4,0,0,0,0,1,0,0,5,14,6,1,4,5,49,0,0,0,65,0,0,2,5,1,0,0
14,0,0,0,0,0,1,3,2,0,0,3,0,0,6,0,2,0,1,1,0,0,0,0,3,4,19,2,3,0,2,0,1,0,4,0,3,0,0,0,1,3,4,11,2,0,1,0,9,1,1,1,0,0,0,50,0,16,0,0,2,0,0,0,1,1,2,0,1,0,0,2,0,1,0,0,5,0,2,9,1,0,2,2,3,2,0,0,2,2,2,3,1,5,4,0,0,1,0,0,1,0,240,4,0,29,1,0,0,3,56,6,15,0,11,1,5,27,7,0,1,0,7,8,1,0,0,2,0,10,4,88,136,1,19,17,0,6,40,0,5,2,3,0,7,1,0,2,1,0,0,0,0,0,0,27,0,6,0,2,223,0,1,0,0,0,0,0,0,1,0,1,0,0,0,7,0,0,6,51,0,0,0,1,0
0,0,1,0,0,0,0,0,0,0,1,0,0,0,0,0,0,0,0,0,0,0,0,0,0,0,1,0,1,0,0,0,0,0,0,0,0,0,0,1,0,0,0,0,0,0,0,1,0,0,0,0,0,0,3,0,0,0,0,0,1,0,0,0,0,0,1,0,0,0,0,0,0,1,0,0,0,0,1,0,0,0,0,0,0,0,0,0,0,0,0,0,0,0,0,0,0,0,0,0,0,1,0,0,1,0,0,0,0,0,1,0,0,0,0,0,0,0,0,0,0,0,0,0,0,1,0,0,2,3,0,5,0,0,1,0,0,0,2,0,0,0,0,0,0,0,0,0,0,0,0,0,0,0,0,0,0,0,0,0,0,0,0,0,0,1,0,0,0,1,0,0,0,0,0,0,0,0,0,0,0,2,0,0,0
0,10,56,4,18,4,15,24,1,1,3,2,4,8,12,8,10,3,14,9,0,1,4,6,11,0,42,10,6,11,2,27,6,0,22,1,24,15,0,8,6,14,5,47,1,0,2,6,4,61,22,51,38,140,20,14,12,18,6,8,8,21,0,0,8,6,4,2,49,0,16,10,2,10,29,6,0,4,1,0,3,9,4,8,7,3,8,0,1,1,10,4,6,9,9,0,1,5,0,3,7,0,1,5,0,5,0,7,1,2,29,3,10,11,1,2,4,2,1,1,7,0,2,8,77,3,7,4,6,23,1,97,26,13,8,1,0,61,173,1,25,1,4,2,13,12,4,0,0,3,0,4,6,18,8,2,1,20,23,6,199,4,4,0,0,21,81,1,14,34,5,3,60,1,0,19,3,21,5,13,2,21,8,2,38
1,19,43,0,30,13,16,0,6,0,22,2,31,3,4,5,4,7,18,7,0,2,2,3,0,2,9,3,19,8,0,8,1,0,4,31,0,9,2,2,5,13,0,7,0,0,2,0,8,63,8,10,12,15,7,6,32,0,1,11,3,3,3,0,4,3,0,1,18,0,12,6,5,0,1,0,10,0,6,0,0,48,4,0,1,2,0,2,5,10,0,3,0,0,11,0,0,0,1,22,1,0,0,9,0,15,4,0,4,0,33,1,13,0,1,1,0,1,2,2,19,0,10,9,3,0,1,2,0,74,2,132,1,5,12,9,0,1,47,0,1,1,4,3,12,0,1,0,11,1,2,12,14,38,2,4,2,5,6,0,64,2,0,0,0,57,84,1,4,10,1,2,83,2,21,1,0,11,6,5,16,4,18,37,190
2,0,4,0,0,2,12,0,85,0,0,1,0,7,0,0,19,12,1,0,0,0,0,0,0,0,0,2,0,0,0,2,1,6,65,5,0,7,11,0,20,6,10,0,0,0,0,3,0,9,0,0,3,6,0,0,2,0,0,0,55,18,0,0,0,15,1,1,13,5,3,0,85,0,1,2,0,0,22,9,1,3,33,0,1,8,0,4,160,53,0,9,2,3,0,275,4,9,0,7,0,2,1,7,1,13,0,0,0,4,145,12,24,0,0,7,4,23,0,12,13,0,22,17,2,0,126,17,0,144,0,1332,27,0,36,41,2,23,252,148,71,10,11,28,49,0,0,2,381,12,6,5,0,2,0,3,1,20,34,0,349,1,0,0,15,3,18,0,0,0,1,0,171,2,1,0,0,6,14,0,0,0,5,3,1
1,7,9,6,5,2,7,3,0,18,0,1,5,1,8,17,6,1,1,3,2,3,10,1,0,0,59,3,27,9,38,3,6,0,5,50,5,6,13,12,2,1,1,41,14,0,8,1,3,15,23,53,54,91,9,19,1,6,30,48,19,6,1,1,27,4,1,0,6,2,0,9,1,14,4,7,4,4,0,7,14,19,6,8,1,0,1,1,2,0,17,3,2,1,1,50,0,2,0,5,27,2,0,0,0,23,0,20,10,1,34,1,6,34,23,1,17,7,7,2,11,17,18,5,12,21,18,13,8,5,19,0,24,6,2,0,0,170,34,2,21,4,0,0,1,18,0,0,77,0,6,2,3,2,2,6,9,8,0,43,41,0,2,0,1,25,18,2,7,9,6,6,42,13,3,17,6,15,0,17,0,7,2,36,46
2,0,0,60,0,0,37,0,2,36,1,0,0,5,0,8,0,23,15,10,2,1,5,0,0,0,27,0,0,2,25,0,3,1,44,32,7,4,0,16,44,1,2,6,28,42,1,0,20,0,18,34,2,2,1,0,0,0,0,19,1,0,11,3,3,66,1,5,0,7,8,9,7,0,3,0,2,0,3,0,2,0,1,8,4,9,1,0,2,22,1,2,5,2,42,0,1,16,24,15,53,0,2,10,1,32,0,76,1,2,92,4,24,24,1,2,11,9,3,4,31,15,8,37,1,2,0,8,127,174,2,981,35,18,45,21,0,54,271,0,4,5,14,6,23,125,2,2,0,5,3,0,0,0,9,2,4,30,0,24,456,0,2,1,1,0,2,1,4,56,3,0,9,1,1,15,0,2,0,0,0,2,0,1,2
0,1,0,9,0,1,5,0,0,13,20,16,0,0,32,6,0,2,0,0,0,1,4,0,0,3,3,0,0,2,16,0,33,1,0,6,0,0,2,6,0,1,0,0,2,0,7,2,0,1,1,16,1,2,7,0,0,0,15,2,1,0,6,8,1,0,0,3,1,0,0,1,0,0,12,0,8,1,4,0,0,0,3,1,0,1,1,6,0,7,0,1,1,0,0,1,25,0,1,1,0,0,0,1,0,5,4,0,2,0,8,0,0,0,0,2,2,0,3,1,1,1,1,1,2,0,0,0,0,31,0,33,1,0,6,2,4,0,4,1,3,0,1,0,0,0,3,1,10,0,0,12,0,0,2,7,1,1,0,0,8,0,0,0,1,10,0,21,1,2,0,3,4,2,0,0,0,0,0,0,9,0,1,2,3
0,36,241,0,36,0,0,0,8,0,0,0,4,4,0,68,0,0,29,49,0,5,0,0,0,0,0,1,0,0,0,0,4,1,12,14,3,0,2,81,121,0,0,0,10,0,10,4,0,224,0,554,1,2,43,58,17,42,0,235,0,4,0,2,35,29,10,1,0,8,8,0,14,0,7,0,20,0,0,0,2,22,6,0,0,0,7,7,0,10,0,0,3,0,0,1,5,2,1,3,56,0,0,4,39,3,10,141,7,1,30,3,9,11,0,2,0,11,0,5,15,36,6,1,0,1,1,2,55,0,0,1,2,114,0,1,5,2,112,1,39,3,10,11,4,63,6,2,18,0,0,1,1,137,22,9,1,4,2,18,107,0,7,46,4,6,66,0,27,122,1,0,3,1,0,0,0,3,1,16,0,5,4,1,0
5,1,0,20,0,0,0,0,0,4,0,0,0,0,0,0,0,0,2,0,0,1,0,0,7,0,0,0,0,0,4,0,0,0,3,2,0,0,0,5,2,0,2,0,0,1,0,0,0,0,0,1,0,2,5,0,0,0,0,0,1,0,0,0,0,0,1,0,0,0,2,0,0,2,1,0,0,0,1,0,0,0,0,0,5,2,2,0,0,1,3,3,0,3,0,0,1,12,23,6,0,0,1,2,1,14,0,0,0,0,22,1,13,0,2,0,1,6,0,1,11,0,2,11,2,0,0,2,0,39,3,459,5,0,24,31,0,59,54,0,0,1,1,1,24,0,0,1,0,5,0,0,0,0,0,0,3,4,9,0,358,0,2,0,0,0,3,0,1,0,0,0,0,0,0,0,0,0,0,0,0,2,0,0,2
1,0,0,0,0,0,1,2,3,0,0,0,0,0,0,5,1,3,1,0,0,0,7,0,6,10,51,0,0,0,0,0,1,2,2,2,0,0,3,3,7,0,0,34,1,0,3,0,1,0,18,4,0,0,7,0,0,0,0,6,1,9,0,0,1,2,1,0,2,5,0,11,0,6,1,0,2,0,7,1,4,0,8,8,1,1,2,13,0,10,0,3,1,0,0,25,1,1,0,22,0,1,5,6,16,26,23,2,2,3,38,2,12,0,0,1,1,1,7,1,24,6,21,10,2,0,5,5,0,59,4,177,3,0,22,21,14,5,42,1,6,1,1,2,6,0,0,0,43,4,0,0,0,0,8,47,3,3,0,0,46,0,4,6,3,0,0,0,3,9,0,0,4,0,0,7,4,0,4,0,0,4,0,5,0
0,3,13,12,3,0,47,0,1,13,48,12,3,0,4,6,2,0,2,3,0,6,0,5,0,3,12,9,7,7,23,6,2,8,3,1,0,5,0,16,4,15,0,9,3,13,10,1,6,23,8,125,31,141,19,4,16,4,27,24,2,1,0,0,10,1,0,0,8,0,0,5,0,0,14,6,1,4,0,8,9,15,1,4,3,1,0,1,0,13,6,2,0,3,8,14,48,1,3,1,2,0,1,0,0,16,6,1,5,1,32,1,2,1,11,1,10,1,1,5,0,2,4,2,28,2,12,7,0,24,0,25,8,3,0,0,1,64,64,5,3,1,2,0,2,0,1,0,18,2,11,20,5,1,5,2,1,9,2,1,35,4,0,0,7,18,77,5,16,17,3,0,22,15,1,4,0,21,0,2,3,7,8,1,5
1,0,8,0,5,0,0,2,2,0,0,0,1,1,1,15,0,25,18,8,0,19,12,0,7,17,56,0,0,1,0,1,5,0,9,3,0,0,3,21,72,0,0,53,51,2,22,2,0,8,11,40,3,5,61,7,0,8,0,37,0,5,0,0,28,32,4,0,1,1,0,16,8,10,5,0,0,3,18,3,2,3,4,6,3,5,1,0,1,23,1,3,1,0,0,9,0,0,2,31,55,0,8,7,11,24,0,27,25,3,44,5,12,32,1,1,2,5,7,0,24,40,35,13,1,11,13,7,37,140,7,230,5,14,19,15,1,4,37,0,13,1,6,2,8,30,6,0,14,2,0,0,0,1,6,2,2,1,0,39,61,3,5,14,0,1,1,2,12,22,0,1,1,2,0,19,3,1,1,5,0,26,2,0,1
1,3,3,14,3,1,12,57,4,5,13,1,0,3,10,23,56,0,21,11,2,1,0,1,82,22,22,1,14,2,6,7,9,0,15,38,6,16,1,23,10,11,5,18,21,0,6,3,0,18,11,145,6,21,10,26,4,15,4,42,174,2,0,1,10,25,1,1,36,1,7,1,5,98,1,3,2,0,0,1,13,4,6,2,6,1,1,1,1,3,13,0,6,12,8,27,0,19,0,1,76,0,0,3,0,7,1,132,2,3,32,3,19,11,4,1,5,15,2,4,13,25,5,17,3,1,12,12,58,0,1,1,140,39,0,0,1,152,199,9,18,4,6,11,26,77,1,1,15,6,6,5,4,1,4,0,9,45,2,26,149,0,22,0,0,8,44,2,12,42,4,0,350,2,5,8,22,9,3,15,0,2,3,6,30
3,0,0,106,0,1,7,6,1,58,5,0,0,0,23,1,0,0,12,2,1,0,1,0,4,8,53,0,35,1,256,0,6,0,3,62,0,3,1,1,0,0,0,35,4,5,3,2,0,2,0,64,0,4,3,0,0,0,2,0,0,3,1,4,29,0,1,1,2,4,0,5,0,53,10,5,5,3,0,8,8,2,1,20,0,0,0,1,1,1,3,2,0,0,1,1,2,1,0,1,2,2,11,2,16,23,6,0,4,3,11,0,4,0,7,0,3,45,3,3,3,0,2,2,6,0,4,0,0,4,1,3,27,1,2,0,1,19,3,0,2,1,0,0,0,2,13,2,3,1,1,0,0,0,1,26,2,1,0,0,20,0,0,6,0,0,1,6,0,9,0,3,3,1,0,14,56,2,0,0,2,1,1,0,0
5,28,47,4,38,17,54,3,7,4,51,22,10,3,1,0,78,8,23,13,2,4,18,15,4,28,41,40,28,9,7,28,1,77,14,32,0,68,1,7,26,22,1,31,0,27,13,0,3,82,29,73,11,27,16,23,12,16,37,7,95,8,7,2,11,17,4,1,36,10,19,7,6,7,8,1,29,0,62,3,5,35,2,8,1,37,0,8,4,145,0,18,8,1,12,4,3,10,11,84,0,5,13,31,43,146,10,12,15,11,291,8,42,3,7,8,22,76,7,21,59,2,107,33,5,1,6,15,1,569,18,1265,14,3,90,64,7,22,199,3,5,31,8,14,36,1,20,14,20,21,2,31,17,36,5,9,14,31,9,3,390,32,5,18,49,113,221,1,6,7,0,92,209,8,18,24,2,23,16,7,11,5,55,19,257
0,5,14,10,9,0,8,1,7,14,3,1,0,0,14,16,9,2,3,1,2,4,9,5,7,23,70,0,45,0,7,21,2,3,5,15,7,11,3,5,2,4,2,59,2,21,1,5,1,21,48,54,4,17,7,3,2,3,1,7,4,22,0,0,12,0,1,1,6,0,2,12,2,5,0,0,6,0,1,13,3,2,44,13,1,0,24,16,11,1,1,0,0,2,33,60,0,0,4,1,2,0,1,0,3,2,21,4,1,1,8,0,0,6,0,0,0,0,9,0,1,1,1,2,9,0,24,2,0,3,0,52,8,18,2,6,11,7,27,28,278,0,0,1,0,2,2,0,136,0,0,3,4,6,2,95,0,1,18,1,28,1,38,4,8,5,59,1,2,22,0,2,47,0,2,20,2,1,2,3,3,0,14,3,42
0,0,0,8,1,0,0,2,0,4,0,1,1,0,0,0,0,0,0,0,0,0,1,0,1,0,3,0,0,0,8,0,3,1,0,3,9,1,4,0,0,0,0,3,1,258,0,2,6,6,4,0,0,0,0,0,1,0,0,0,0,15,1,1,0,0,0,2,0,0,0,3,0,8,0,0,7,2,0,9,0,2,10,0,0,0,4,21,0,0,0,0,0,0,0,12,0,0,11,0,0,0,0,0,0,0,121,92,0,0,0,0,0,7,0,0,0,0,1,0,0,18,0,0,0,0,25,0,0,0,0,0,0,0,0,0,23,0,0,1,11,0,0,0,0,1,0,0,77,0,0,2,0,0,0,92,0,0,0,0,0,37,1,0,0,3,1,6,0,0,10,1,0,0,4,4,6,0,0,0,8,0,0,1,5
0,0,0,18,0,0,0,0,0,14,2,0,0,2,0,2,0,0,8,9,0,0,3,0,0,29,11,0,5,0,10,0,0,0,1,1,3,4,0,9,4,1,1,7,0,17,0,0,0,0,5,58,1,7,10,32,1,9,0,21,4,1,0,0,1,5,9,0,0,2,3,1,1,0,0,0,0,0,0,0,0,0,1,0,0,0,2,0,0,3,0,1,2,0,5,1,2,3,12,2,5,0,0,0,29,2,0,14,1,1,31,0,4,1,0,1,0,8,0,0,4,0,3,2,0,4,1,3,12,7,0,49,3,7,1,1,0,1,83,2,7,1,5,4,12,10,0,1,3,1,3,0,0,0,3,0,0,3,2,11,55,0,3,38,0,1,0,2,3,4,0,0,9,0,2,3,0,1,1,6,0,0,0,0,11
0,21,71,2,18,21,34,4,1,5,18,1,2,0,12,0,10,1,2,0,0,0,17,1,0,19,79,4,30,1,1,0,7,6,1,30,3,32,0,0,3,4,0,121,0,17,1,0,30,192,49,7,12,30,1,33,17,20,8,4,12,7,12,3,0,0,0,0,149,1,1,10,0,15,4,0,1,2,2,0,0,38,0,13,0,0,0,0,0,1,0,0,0,0,35,1,3,1,30,0,0,0,0,1,2,4,0,2,0,0,10,1,2,0,0,0,0,0,4,0,3,0,1,0,3,1,1,0,0,6,0,82,0,0,3,4,0,0,16,0,3,1,0,0,1,0,0,0,0,0,11,5,4,34,1,1,0,1,1,1,18,1,0,3,16,41,56,3,2,4,4,1,121,2,4,9,2,4,0,6,2,0,14,9,174
0,0,1,188,0,2,41,10,2,143,5,0,0,1,3,11,2,0,20,12,0,6,24,0,4,21,152,1,46,0,96,0,13,3,6,3,0,13,1,5,7,1,1,197,1,0,2,2,0,2,80,47,0,3,32,82,0,45,7,52,0,4,0,2,1,0,2,0,1,2,2,13,0,66,1,6,0,0,0,0,18,1,2,20,6,2,3,0,2,0,13,5,0,4,15,17,0,8,0,2,3,0,0,2,0,14,2,14,0,0,27,1,1,1,8,0,4,1,12,1,4,3,2,2,2,0,4,2,6,1,6,0,53,4,0,1,0,285,69,9,8,3,2,3,4,9,4,0,16,0,0,1,0,2,7,0,6,8,4,1,51,0,0,1,8,4,2,0,13,41,3,0,9,2,0,43,7,2,0,24,0,16,0,0,28
1,4,4,67,2,0,0,1,12,48,0,0,3,2,24,2,0,7,1,2,0,4,10,3,0,10,25,1,4,0,48,2,0,0,9,11,0,4,1,8,4,3,3,30,22,55,4,0,0,14,9,72,0,0,15,0,3,0,1,9,0,19,0,0,5,18,1,0,9,1,1,11,2,2,0,3,0,1,2,5,4,4,5,6,2,1,1,3,4,3,2,1,1,2,57,16,2,0,2,1,31,0,0,1,19,7,7,65,0,3,22,0,3,10,5,0,9,3,2,1,1,31,6,3,0,5,47,2,16,25,0,22,3,20,2,0,2,27,51,3,15,2,4,0,6,1,3,0,17,0,0,4,11,3,5,10,1,9,8,40,28,0,21,6,0,9,36,0,18,6,0,1,2,1,0,28,3,0,2,0,1,5,3,1,1
1,4,3,63,1,0,1,3,29,35,4,0,0,3,2,11,1,0,4,13,3,2,19,0,22,98,108,1,30,0,12,1,2,62,64,104,0,10,4,14,10,4,12,163,2,27,21,0,1,9,66,21,0,5,5,0,2,0,7,4,0,5,0,0,30,13,2,0,6,4,10,21,3,22,0,47,14,2,0,7,17,3,95,12,32,3,11,10,6,1,45,12,5,50,12,37,1,20,115,17,41,3,2,2,0,25,14,1,3,1,95,2,15,68,34,3,75,30,9,2,38,0,22,15,1,15,11,13,15,6,112,1,129,39,2,0,4,1379,332,7,22,9,6,0,13,21,17,4,56,5,3,0,2,1,1,96,41,22,8,3,382,1,2,2,64,1,17,1,0,3,0,7,2,0,8,32,7,4,11,0,1,0,3,0,1
1,4,75,0,14,0,16,0,16,0,25,8,4,10,2,4,3,39,8,7,0,1,0,1,0,0,0,2,5,2,0,0,4,17,21,62,6,15,0,2,3,2,0,0,1,0,0,0,27,59,0,46,12,40,2,0,9,0,1,15,3,2,0,0,3,33,5,0,27,5,7,0,10,0,8,0,3,2,9,4,2,14,3,0,1,3,0,2,9,73,1,8,0,0,0,7,1,2,0,9,4,2,10,9,97,28,37,96,0,5,99,7,9,7,1,5,10,18,0,7,18,18,13,10,12,0,12,13,1,321,1,401,6,7,16,4,2,12,156,1,13,3,12,0,19,1,1,2,19,1,7,12,4,15,2,26,3,22,1,0,172,1,1,58,23,11,27,1,3,3,7,8,8,5,8,0,0,15,8,0,5,2,1,2,3
0,1,28,3,1,1,19,10,0,5,44,0,0,0,8,1,5,1,3,5,1,0,10,1,28,38,70,15,3,9,1,0,16,0,0,1,1,10,0,6,4,1,0,69,0,1,0,5,7,29,34,13,23,71,2,106,3,81,5,14,3,7,3,2,0,0,1,7,4,0,3,3,1,26,3,0,2,44,5,0,0,3,9,3,1,2,1,0,4,11,0,0,0,1,17,5,0,1,13,0,5,0,1,2,0,2,7,8,0,0,35,1,1,0,1,0,0,3,9,0,2,0,3,1,17,0,4,2,1,22,0,208,10,7,3,5,0,5,41,4,9,1,0,6,5,3,1,0,5,0,5,0,1,15,4,3,2,2,2,1,46,3,1,0,4,4,10,8,7,25,3,0,27,16,4,7,5,25,1,20,8,3,1,0,25
4,6,7,33,1,13,16,24,6,12,32,8,1,1,66,28,76,4,40,10,1,12,6,4,5,43,22,2,69,5,10,5,22,32,9,112,58,12,0,110,9,15,0,27,1,10,20,7,35,52,11,13,7,22,70,85,4,57,33,5,47,1,11,4,27,7,22,8,44,7,2,6,7,33,19,0,6,32,17,0,0,18,2,2,1,5,5,6,6,8,1,10,5,7,18,2,3,18,14,24,13,8,5,1,242,37,0,5,1,7,79,3,30,12,2,1,22,34,0,1,81,0,17,31,7,2,1,6,6,102,43,441,13,6,26,23,1,28,200,1,9,3,3,2,66,13,26,10,8,15,16,6,7,6,22,3,9,8,1,2,297,2,0,135,36,28,57,27,1,61,1,3,264,4,12,15,6,21,2,27,17,37,8,18,190
1,9,19,19,17,19,416,0,6,17,68,2,5,3,215,2,19,0,9,6,0,0,0,14,0,0,0,20,18,48,3,55,1,3,31,173,226,47,1,6,2,18,13,0,10,0,1,3,126,63,0,12,302,737,0,0,34,0,149,3,36,1,10,0,0,24,0,0,130,2,10,0,8,0,5,8,5,1,0,0,31,35,0,0,6,0,1,2,0,2,6,1,4,11,36,10,6,15,0,3,47,0,0,0,0,22,0,32,2,5,52,0,6,9,8,0,12,30,0,3,6,23,7,9,297,3,10,13,51,2,11,1,107,7,1,0,1,358,93,5,13,12,3,4,6,76,0,3,19,2,5,9,35,3,3,0,13,13,2,18,269,9,2,0,5,191,231,2,1,5,3,5,159,46,12,0,0,211,3,0,2,0,13,11,172
3,4,3,3,17,19,4,1,4,1,21,1,4,2,0,2,8,4,17,18,3,3,5,24,2,25,43,3,0,2,0,63,0,14,48,32,2,5,1,9,6,31,3,9,0,12,4,0,14,80,28,37,15,42,20,8,37,4,0,29,15,3,3,0,6,17,9,3,7,11,12,8,8,1,2,3,24,8,2,1,13,40,5,15,3,4,2,0,7,5,4,2,3,4,0,9,3,24,7,12,8,4,0,2,121,26,8,5,1,7,47,0,33,10,4,1,4,19,6,5,34,3,8,25,11,5,16,4,13,12,10,78,36,14,3,6,4,140,366,4,18,8,8,2,25,20,4,1,5,7,10,12,54,3,8,7,8,35,8,13,359,14,8,276,5,198,309,1,6,66,8,3,97,3,1,8,0,8,9,3,0,9,26,24,114
0,3,35,1,30,0,264,0,0,0,74,13,8,0,392,0,36,0,0,0,1,0,8,23,0,4,1,38,24,77,1,32,1,3,0,68,0,121,0,6,5,185,0,0,0,1,2,1,12,85,0,0,230,779,11,4,26,2,124,1,90,0,2,1,7,0,0,5,63,0,0,0,0,3,2,0,5,3,1,0,0,14,0,0,1,0,0,1,0,2,0,0,0,0,481,2,56,0,1,1,3,0,0,0,0,0,0,0,1,0,6,0,2,0,0,1,1,0,0,0,1,0,1,0,302,1,0,0,0,7,0,40,0,0,0,1,0,0,5,0,0,0,0,0,0,0,0,0,1,1,2,98,6,5,3,1,0,0,0,0,11,1,0,0,4,60,781,0,1,2,2,5,100,76,2,1,0,126,0,1,0,1,41,12,26
0,2,6,0,4,0,363,0,0,0,17,1,0,0,102,0,2,0,0,0,0,2,1,1,0,3,13,0,1,2,0,0,12,15,0,74,13,11,0,1,1,2,0,10,0,0,0,2,2,6,3,6,10,14,5,0,1,2,3,2,0,0,2,2,2,0,0,1,5,0,1,1,1,0,41,0,20,8,0,0,2,3,1,0,2,0,0,2,0,0,2,1,0,2,13,0,10,0,0,1,0,0,0,0,0,5,1,7,2,0,3,0,0,0,1,0,1,1,2,0,2,0,2,2,0,0,2,1,0,0,2,0,5,0,0,0,2,10,5,0,2,0,0,0,2,0,1,0,2,0,54,0,0,1,0,2,2,0,0,1,8,0,0,0,24,5,5,5,0,2,7,11,9,6,0,0,1,6,1,1,3,0,1,5,2
0,1,12,4,4,2,6,2,0,2,21,4,3,1,54,22,7,8,5,0,1,0,4,3,1,0,29,7,5,16,2,4,0,3,6,5,36,9,0,12,3,22,0,30,0,18,4,1,38,24,17,14,33,59,24,7,6,9,3,1,25,9,0,0,36,0,0,2,7,1,4,6,2,11,11,0,15,6,0,1,0,4,9,2,0,1,3,1,1,2,3,0,0,1,10,1,5,0,9,3,0,0,0,1,4,3,6,0,0,1,25,0,2,0,0,0,6,1,1,0,4,1,10,4,29,0,0,0,0,44,0,99,5,9,1,7,1,41,41,1,5,0,0,0,1,0,0,0,0,3,4,26,2,12,4,51,0,1,5,0,66,7,7,8,6,9,66,0,0,11,5,1,28,10,1,12,2,17,9,2,7,7,6,1,18
1,8,22,5,21,7,211,3,0,4,14,8,2,0,51,0,38,0,0,2,2,5,7,11,0,17,22,36,24,8,7,11,19,9,0,28,69,34,0,0,1,16,0,16,2,53,7,4,8,42,14,26,6,17,7,20,3,17,13,5,27,7,30,6,4,0,0,4,23,4,1,6,0,14,30,10,6,18,0,2,14,15,2,7,3,0,0,1,0,0,4,2,3,4,38,6,7,5,16,2,0,1,0,0,4,6,21,7,14,1,19,0,1,0,4,2,4,8,1,9,9,2,17,3,4,0,9,5,0,3,6,1,18,0,0,0,1,109,44,0,2,6,0,0,6,0,9,0,23,0,57,16,7,12,4,7,3,15,0,0,18,15,1,1,4,67,154,4,2,1,18,29,150,4,14,10,3,13,0,7,2,1,27,13,103
3,28,93,49,101,17,12,4,5,34,159,59,14,3,3,2,168,0,0,0,3,1,37,35,8,38,106,245,0,31,41,59,11,0,8,55,0,4,0,0,38,61,4,72,16,79,9,3,0,162,58,24,77,197,2,34,40,31,0,3,228,4,1,3,8,22,2,10,165,8,5,23,3,10,142,22,46,0,0,4,33,54,6,19,13,5,1,1,4,7,17,6,9,26,0,8,20,26,42,13,40,0,0,11,0,34,0,134,5,9,67,3,3,8,19,9,43,34,11,22,21,37,64,4,33,0,0,24,8,10,10,12,120,2,0,8,0,296,154,10,36,38,5,3,19,5,5,0,20,5,6,90,25,81,1,4,27,99,6,7,229,21,24,3,0,109,558,4,0,0,53,133,736,49,19,32,2,95,0,20,38,0,166,74,107
3,9,48,7,16,3,42,5,2,5,12,3,3,4,30,10,39,0,16,22,1,5,2,4,1,7,27,19,9,19,0,15,8,4,19,37,117,11,1,15,5,12,6,2,0,0,4,2,32,47,16,72,112,239,58,20,10,13,32,32,42,1,0,3,4,5,1,2,17,4,6,6,0,10,9,6,9,3,0,1,17,11,6,7,2,0,1,2,2,0,13,0,2,2,53,16,3,10,1,3,8,1,0,0,0,19,0,4,1,3,30,2,7,5,16,1,13,12,1,6,3,6,5,6,118,4,14,3,6,0,4,0,33,14,1,0,1,318,107,4,17,7,6,1,1,7,5,1,21,0,23,3,18,6,5,4,2,15,3,3,71,34,0,0,2,66,76,0,5,82,7,2,163,29,9,8,3,102,0,13,2,18,13,6,31
0,0,2,132,3,0,2,0,8,56,49,0,0,0,0,8,2,4,3,0,1,1,32,0,0,0,170,1,444,1,35,2,9,1,5,0,0,2,33,17,35,3,2,157,11,4,6,1,0,14,70,3,2,11,2,0,0,0,2,4,2,4,1,0,8,10,0,1,0,0,0,23,7,0,0,9,2,0,1,38,1,1,83,24,3,0,1,3,5,0,10,3,0,3,0,208,11,1,35,1,227,1,0,0,0,2,3,12,1,0,18,0,3,190,2,1,2,6,7,1,7,2,0,5,8,90,13,1,92,6,12,25,14,55,4,6,2,124,27,33,171,2,1,1,3,90,2,7,122,2,1,3,0,1,5,20,3,4,7,8,35,0,18,0,1,1,15,0,1,6,0,0,4,1,1,74,0,5,4,0,0,10,4,0,8
0,1,2,6,6,0,0,4,1,10,0,1,1,0,0,0,0,0,1,0,0,1,3,0,1,4,21,0,1,0,7,0,3,3,3,3,4,5,1,2,2,1,1,4,1,0,0,0,0,0,1,4,0,0,2,7,0,12,0,0,0,0,0,1,1,0,0,0,1,0,0,5,0,2,1,8,13,2,0,2,7,0,0,1,3,0,0,1,0,0,6,0,0,1,1,0,0,0,0,2,1,3,0,0,0,5,1,6,1,0,4,0,1,0,21,2,32,1,1,2,3,3,13,0,0,0,0,3,1,1,7,0,1,0,0,3,0,20,16,0,1,11,0,0,0,0,1,0,5,1,1,0,0,0,0,1,4,6,0,1,2,3,1,0,0,5,0,0,0,0,2,0,1,0,0,6,5,0,0,5,2,0,0,0,0
1,1,0,4,3,0,0,0,2,3,0,0,0,3,0,0,0,1,0,0,0,0,0,0,0,1,0,0,0,0,5,0,0,0,8,0,0,0,0,0,8,0,3,0,46,0,0,1,0,1,0,0,0,0,0,0,0,0,0,0,0,0,0,0,0,3,2,3,0,2,0,0,3,0,0,9,12,0,0,0,5,0,15,0,1,0,2,0,1,0,6,4,0,1,0,0,0,5,0,1,86,0,0,2,0,3,2,79,0,1,4,1,2,96,5,0,6,1,0,2,0,56,4,3,0,21,2,2,55,0,7,1,9,6,0,0,2,41,12,0,21,3,2,1,1,34,0,0,0,1,0,0,0,0,0,9,0,7,3,22,7,5,4,0,0,2,0,0,0,0,2,0,3,0,0,0,0,0,0,0,0,0,0,0,0
0,0,0,4,0,0,0,0,3,4,3,0,0,0,3,4,0,1,2,0,0,0,0,0,0,4,7,0,10,0,3,0,3,0,5,0,0,0,3,3,1,0,2,0,2,25,3,2,3,0,0,20,0,1,1,12,0,14,0,3,0,2,4,4,2,0,0,1,0,0,3,2,0,5,0,10,1,0,0,4,5,0,3,3,2,0,0,2,0,1,12,3,0,1,0,2,0,3,9,1,0,1,1,0,1,8,0,0,1,1,9,1,0,2,4,0,10,5,1,2,4,1,3,2,1,0,5,2,0,7,7,11,11,3,2,1,0,47,12,3,3,2,2,2,2,0,2,0,6,0,2,1,1,0,3,2,9,5,2,0,10,0,4,3,0,0,1,0,2,4,0,2,1,0,1,3,2,0,3,18,2,3,1,0,1
19,0,0,0,0,0,0,2,0,0,0,0,0,1,0,10,0,1,19,7,5,2,0,0,1,0,1,0,0,0,0,0,2,1,4,1,0,0,0,7,0,0,2,1,0,0,37,0,0,0,0,87,0,0,0,35,0,13,0,14,0,0,0,0,121,0,5,0,0,2,2,0,0,9,0,1,0,1,5,9,5,0,9,1,0,2,0,1,1,2,2,2,0,1,0,1,0,0,0,1,0,0,72,5,2,24,2,0,14,3,58,2,17,1,6,1,9,30,0,1,4,0,8,9,0,0,0,1,0,15,12,96,28,3,7,17,0,30,35,0,7,3,3,2,3,0,20,1,2,1,0,0,0,0,6,6,7,1,3,0,72,0,1,2,2,0,0,0,2,63,0,2,0,0,1,0,5,0,5,11,0,9,0,0,1
11,3,17,11,5,0,2,0,4,3,0,0,1,1,5,0,0,11,25,2,0,0,0,1,4,17,32,1,6,0,9,0,2,3,15,0,0,1,1,2,0,0,4,43,0,0,3,6,9,7,0,36,1,0,0,46,0,13,1,0,0,4,2,2,23,3,5,2,1,0,4,4,2,1,4,2,0,3,3,14,2,1,10,8,5,0,0,4,14,2,0,2,0,2,0,1,2,0,0,0,0,1,336,5,17,38,24,1,0,6,67,0,17,0,12,1,6,42,33,0,2,2,12,3,6,0,2,0,0,28,1,122,129,9,33,29,1,9,26,0,10,6,10,0,4,0,6,82,8,1,0,1,2,0,0,112,5,0,3,0,174,1,0,2,2,3,1,7,0,6,2,1,8,0,4,9,2,1,20,29,9,1,0,0,3
14,1,1,0,5,0,6,0,3,0,0,0,2,1,0,0,0,0,1,0,0,1,0,0,0,0,0,0,0,2,0,0,2,0,5,5,0,0,0,0,0,0,3,0,2,0,2,1,0,0,0,7,0,4,0,0,0,0,0,1,0,1,0,3,8,0,2,1,0,2,0,0,1,0,0,13,1,2,0,2,2,1,18,0,0,0,0,10,2,0,6,0,2,3,0,0,0,0,1,0,0,2,56,0,0,33,10,0,2,4,17,1,11,0,27,2,24,36,0,0,0,0,11,21,2,0,3,3,0,0,17,5,54,4,0,2,5,80,38,0,0,7,3,1,0,0,0,2,0,1,1,0,0,2,0,25,15,2,0,0,104,0,9,1,0,1,1,0,0,0,0,0,3,1,0,0,0,0,6,0,1,1,0,0,2
4,0,0,0,0,0,0,12,2,0,27,2,0,2,19,5,0,4,5,0,2,0,0,0,1,0,0,1,15,1,0,0,6,0,2,0,2,7,0,3,1,1,0,0,0,0,3,3,0,1,0,1,3,4,1,0,0,0,30,0,5,4,0,3,2,0,1,1,1,1,2,0,4,65,3,9,2,0,5,0,5,0,36,0,9,0,0,4,1,0,5,8,3,14,68,13,0,1,0,1,9,0,9,5,3,13,12,15,0,1,24,3,12,13,3,1,15,1,0,2,4,5,2,15,5,1,4,6,2,134,2,286,25,2,61,8,5,82,64,2,10,5,1,0,10,0,0,1,13,0,6,7,0,1,0,33,12,16,0,0,93,0,5,1,0,0,3,1,0,1,0,0,4,0,4,0,11,2,3,0,0,2,0,1,0
2,1,0,2,0,0,31,2,1,1,60,23,1,0,9,1,0,0,0,3,1,4,6,1,0,6,36,1,2,0,0,0,23,0,0,11,1,4,0,6,1,0,0,4,2,6,4,3,2,1,20,78,2,3,16,0,0,0,12,8,3,2,2,8,4,1,1,8,2,5,0,35,0,8,4,1,18,48,0,1,1,0,0,3,1,0,0,1,1,6,0,1,0,5,51,0,3,1,2,4,8,0,0,3,102,13,0,23,8,6,29,0,0,1,2,0,15,8,0,21,5,9,7,1,0,1,1,3,1,27,0,33,6,1,12,1,0,12,72,4,8,0,1,1,6,3,2,1,5,0,14,6,5,1,2,1,3,7,1,18,44,0,4,58,1,8,8,21,2,2,17,14,11,1,0,18,3,1,0,0,6,1,0,0,0
1,4,11,0,4,0,1,0,0,0,0,11,3,0,0,0,0,0,0,0,0,1,0,9,0,0,0,0,0,0,0,0,6,1,0,1,11,0,0,3,5,3,1,0,0,0,0,0,1,3,0,21,0,2,2,34,3,80,0,15,3,22,11,1,2,0,0,5,0,0,1,0,0,0,1,0,1,1,1,1,0,2,0,0,0,0,0,3,0,0,0,0,0,0,5,1,7,0,0,0,2,0,0,0,0,0,8,8,1,0,4,0,0,3,0,0,0,0,0,1,0,0,0,0,0,0,13,0,1,9,0,16,3,1,0,0,0,3,5,2,1,1,0,0,0,2,1,0,9,0,3,4,12,1,0,3,0,0,0,14,7,0,26,0,1,24,21,2,1,5,0,4,2,2,1,0,0,1,0,20,2,1,2,4,1
1,4,15,2,2,3,5,3,0,8,9,32,0,1,14,0,1,0,0,2,0,1,8,2,0,6,13,0,11,0,10,1,3,1,0,2,10,1,0,0,0,1,0,5,2,0,1,1,6,9,4,7,1,2,0,3,1,8,11,1,0,0,6,0,0,0,0,0,4,0,0,1,0,15,2,12,1,0,0,0,5,3,1,5,9,0,0,0,0,0,11,0,0,4,4,4,0,0,0,7,1,2,0,0,0,7,0,1,0,0,9,0,0,5,48,0,42,3,0,8,1,4,16,0,1,0,0,3,0,1,4,3,3,0,0,2,0,73,52,0,1,7,0,1,0,1,0,1,1,0,1,17,3,0,0,0,2,14,0,6,20,3,0,0,0,19,4,0,0,1,1,0,16,1,1,2,3,1,0,4,4,0,2,3,15
